Date,HomeTeam,AwayTeam,Goals_h,Goals_A,Goals_H_ht,Goals_A_ht,winner,Season
2015-08-14,Bayern Munich,Hamburg,5,0,1.0,0.0,H,1516
2015-08-15,Augsburg,Hertha,0,1,0.0,0.0,A,1516
2015-08-15,Darmstadt,Hannover,2,2,1.0,0.0,D,1516
2015-08-15,Dortmund,M'gladbach,4,0,3.0,0.0,H,1516
2015-08-15,Leverkusen,Hoffenheim,2,1,1.0,1.0,H,1516
2015-08-15,Mainz,Ingolstadt,0,1,0.0,0.0,A,1516
2015-08-15,Werder Bremen,Schalke 04,0,3,0.0,1.0,A,1516
2015-08-16,Stuttgart,FC Koln,1,3,0.0,0.0,A,1516
2015-08-16,Wolfsburg,Ein Frankfurt,2,1,2.0,1.0,H,1516
2015-08-21,Hertha,Werder Bremen,1,1,1.0,1.0,D,1516
2015-08-22,Ein Frankfurt,Augsburg,1,1,0.0,1.0,D,1516
2015-08-22,FC Koln,Wolfsburg,1,1,1.0,0.0,D,1516
2015-08-22,Hamburg,Stuttgart,3,2,1.0,2.0,H,1516
2015-08-22,Hannover,Leverkusen,0,1,0.0,1.0,A,1516
2015-08-22,Hoffenheim,Bayern Munich,1,2,1.0,1.0,A,1516
2015-08-22,Schalke 04,Darmstadt,1,1,0.0,1.0,D,1516
2015-08-23,Ingolstadt,Dortmund,0,4,0.0,0.0,A,1516
2015-08-23,M'gladbach,Mainz,1,2,0.0,1.0,A,1516
2015-08-28,Wolfsburg,Schalke 04,3,0,1.0,0.0,H,1516
2015-08-29,Augsburg,Ingolstadt,0,1,0.0,0.0,A,1516
2015-08-29,Bayern Munich,Leverkusen,3,0,1.0,0.0,H,1516
2015-08-29,Darmstadt,Hoffenheim,0,0,0.0,0.0,D,1516
2015-08-29,FC Koln,Hamburg,2,1,0.0,0.0,H,1516
2015-08-29,Mainz,Hannover,3,0,2.0,0.0,H,1516
2015-08-29,Stuttgart,Ein Frankfurt,1,4,1.0,2.0,A,1516
2015-08-30,Dortmund,Hertha,3,1,1.0,0.0,H,1516
2015-08-30,Werder Bremen,M'gladbach,2,1,1.0,1.0,H,1516
2015-09-11,M'gladbach,Hamburg,0,3,0.0,2.0,A,1516
2015-09-12,Bayern Munich,Augsburg,2,1,0.0,1.0,H,1516
2015-09-12,Ein Frankfurt,FC Koln,6,2,4.0,1.0,H,1516
2015-09-12,Hannover,Dortmund,2,4,1.0,2.0,A,1516
2015-09-12,Hertha,Stuttgart,2,1,2.0,1.0,H,1516
2015-09-12,Ingolstadt,Wolfsburg,0,0,0.0,0.0,D,1516
2015-09-12,Leverkusen,Darmstadt,0,1,0.0,1.0,A,1516
2015-09-13,Hoffenheim,Werder Bremen,1,3,0.0,1.0,A,1516
2015-09-13,Schalke 04,Mainz,2,1,1.0,1.0,H,1516
2015-09-18,Mainz,Hoffenheim,3,1,1.0,1.0,H,1516
2015-09-19,Darmstadt,Bayern Munich,0,3,0.0,1.0,A,1516
2015-09-19,FC Koln,M'gladbach,1,0,0.0,0.0,H,1516
2015-09-19,Hamburg,Ein Frankfurt,0,0,0.0,0.0,D,1516
2015-09-19,Werder Bremen,Ingolstadt,0,1,0.0,0.0,A,1516
2015-09-19,Wolfsburg,Hertha,2,0,0.0,0.0,H,1516
2015-09-20,Augsburg,Hannover,2,0,2.0,0.0,H,1516
2015-09-20,Dortmund,Leverkusen,3,0,1.0,0.0,H,1516
2015-09-20,Stuttgart,Schalke 04,0,1,0.0,0.0,A,1516
2015-09-22,Bayern Munich,Wolfsburg,5,1,0.0,1.0,H,1516
2015-09-22,Darmstadt,Werder Bremen,2,1,1.0,1.0,H,1516
2015-09-22,Hertha,FC Koln,2,0,1.0,0.0,H,1516
2015-09-22,Ingolstadt,Hamburg,0,1,0.0,0.0,A,1516
2015-09-23,Hannover,Stuttgart,1,3,1.0,2.0,A,1516
2015-09-23,Hoffenheim,Dortmund,1,1,1.0,0.0,D,1516
2015-09-23,Leverkusen,Mainz,1,0,0.0,0.0,H,1516
2015-09-23,M'gladbach,Augsburg,4,2,4.0,0.0,H,1516
2015-09-23,Schalke 04,Ein Frankfurt,2,0,0.0,0.0,H,1516
2015-09-25,FC Koln,Ingolstadt,1,1,1.0,1.0,D,1516
2015-09-26,Augsburg,Hoffenheim,1,3,1.0,1.0,A,1516
2015-09-26,Hamburg,Schalke 04,0,1,0.0,0.0,A,1516
2015-09-26,Mainz,Bayern Munich,0,3,0.0,0.0,A,1516
2015-09-26,Stuttgart,M'gladbach,1,3,1.0,2.0,A,1516
2015-09-26,Werder Bremen,Leverkusen,0,3,0.0,1.0,A,1516
2015-09-26,Wolfsburg,Hannover,1,1,1.0,0.0,D,1516
2015-09-27,Dortmund,Darmstadt,2,2,0.0,1.0,D,1516
2015-09-27,Ein Frankfurt,Hertha,1,1,1.0,0.0,D,1516
2015-10-02,Darmstadt,Mainz,2,3,1.0,2.0,A,1516
2015-10-03,Hannover,Werder Bremen,1,0,0.0,0.0,H,1516
2015-10-03,Hertha,Hamburg,3,0,1.0,0.0,H,1516
2015-10-03,Hoffenheim,Stuttgart,2,2,1.0,0.0,D,1516
2015-10-03,Ingolstadt,Ein Frankfurt,2,0,0.0,0.0,H,1516
2015-10-03,M'gladbach,Wolfsburg,2,0,0.0,0.0,H,1516
2015-10-04,Bayern Munich,Dortmund,5,1,2.0,1.0,H,1516
2015-10-04,Leverkusen,Augsburg,1,1,1.0,1.0,D,1516
2015-10-04,Schalke 04,FC Koln,0,3,0.0,1.0,A,1516
2015-10-16,Mainz,Dortmund,0,2,0.0,1.0,A,1516
2015-10-17,Augsburg,Darmstadt,0,2,0.0,2.0,A,1516
2015-10-17,Ein Frankfurt,M'gladbach,1,5,1.0,1.0,A,1516
2015-10-17,Hamburg,Leverkusen,0,0,0.0,0.0,D,1516
2015-10-17,Schalke 04,Hertha,2,1,1.0,0.0,H,1516
2015-10-17,Werder Bremen,Bayern Munich,0,1,0.0,1.0,A,1516
2015-10-17,Wolfsburg,Hoffenheim,4,2,2.0,1.0,H,1516
2015-10-18,FC Koln,Hannover,0,1,0.0,1.0,A,1516
2015-10-18,Stuttgart,Ingolstadt,1,0,0.0,0.0,H,1516
2015-10-23,Hoffenheim,Hamburg,0,1,0.0,0.0,A,1516
2015-10-24,Bayern Munich,FC Koln,4,0,2.0,0.0,H,1516
2015-10-24,Darmstadt,Wolfsburg,0,1,0.0,0.0,A,1516
2015-10-24,Hannover,Ein Frankfurt,1,2,0.0,0.0,A,1516
2015-10-24,Ingolstadt,Hertha,0,1,0.0,1.0,A,1516
2015-10-24,Leverkusen,Stuttgart,4,3,0.0,0.0,H,1516
2015-10-24,Mainz,Werder Bremen,1,3,0.0,3.0,A,1516
2015-10-25,Dortmund,Augsburg,5,1,3.0,0.0,H,1516
2015-10-25,M'gladbach,Schalke 04,3,1,1.0,1.0,H,1516
2015-10-30,Ein Frankfurt,Bayern Munich,0,0,0.0,0.0,D,1516
2015-10-31,Augsburg,Mainz,3,3,1.0,2.0,D,1516
2015-10-31,FC Koln,Hoffenheim,0,0,0.0,0.0,D,1516
2015-10-31,Hertha,M'gladbach,1,4,0.0,2.0,A,1516
2015-10-31,Schalke 04,Ingolstadt,1,1,0.0,1.0,D,1516
2015-10-31,Werder Bremen,Dortmund,1,3,1.0,2.0,A,1516
2015-10-31,Wolfsburg,Leverkusen,2,1,1.0,1.0,H,1516
2015-11-01,Hamburg,Hannover,1,2,1.0,0.0,A,1516
2015-11-01,Stuttgart,Darmstadt,2,0,0.0,0.0,H,1516
2015-11-06,Hannover,Hertha,1,3,0.0,1.0,A,1516
2015-11-07,Bayern Munich,Stuttgart,4,0,4.0,0.0,H,1516
2015-11-07,Darmstadt,Hamburg,1,1,0.0,1.0,D,1516
2015-11-07,Hoffenheim,Ein Frankfurt,0,0,0.0,0.0,D,1516
2015-11-07,Leverkusen,FC Koln,1,2,1.0,1.0,A,1516
2015-11-07,Mainz,Wolfsburg,2,0,1.0,0.0,H,1516
2015-11-07,M'gladbach,Ingolstadt,0,0,0.0,0.0,D,1516
2015-11-08,Augsburg,Werder Bremen,1,2,0.0,0.0,A,1516
2015-11-08,Dortmund,Schalke 04,3,2,2.0,1.0,H,1516
2015-11-20,Hamburg,Dortmund,3,1,2.0,0.0,H,1516
2015-11-21,Ein Frankfurt,Leverkusen,1,3,1.0,2.0,A,1516
2015-11-21,FC Koln,Mainz,0,0,0.0,0.0,D,1516
2015-11-21,M'gladbach,Hannover,2,1,1.0,0.0,H,1516
2015-11-21,Schalke 04,Bayern Munich,1,3,1.0,1.0,A,1516
2015-11-21,Stuttgart,Augsburg,0,4,0.0,3.0,A,1516
2015-11-21,Wolfsburg,Werder Bremen,6,0,2.0,0.0,H,1516
2015-11-22,Hertha,Hoffenheim,1,0,1.0,0.0,H,1516
2015-11-22,Ingolstadt,Darmstadt,3,1,0.0,1.0,H,1516
2015-11-27,Darmstadt,FC Koln,0,0,0.0,0.0,D,1516
2015-11-28,Bayern Munich,Hertha,2,0,2.0,0.0,H,1516
2015-11-28,Hannover,Ingolstadt,4,0,3.0,0.0,H,1516
2015-11-28,Hoffenheim,M'gladbach,3,3,2.0,1.0,D,1516
2015-11-28,Mainz,Ein Frankfurt,2,1,2.0,0.0,H,1516
2015-11-28,Werder Bremen,Hamburg,1,3,0.0,2.0,A,1516
2015-11-29,Augsburg,Wolfsburg,0,0,0.0,0.0,D,1516
2015-11-29,Dortmund,Stuttgart,4,1,2.0,1.0,H,1516
2015-11-29,Leverkusen,Schalke 04,1,1,0.0,0.0,D,1516
2015-12-04,Schalke 04,Hannover,3,1,0.0,0.0,H,1516
2015-12-05,FC Koln,Augsburg,0,1,0.0,0.0,A,1516
2015-12-05,Hamburg,Mainz,1,3,0.0,1.0,A,1516
2015-12-05,Hertha,Leverkusen,2,1,1.0,1.0,H,1516
2015-12-05,Ingolstadt,Hoffenheim,1,1,0.0,0.0,D,1516
2015-12-05,M'gladbach,Bayern Munich,3,1,0.0,0.0,H,1516
2015-12-05,Wolfsburg,Dortmund,1,2,0.0,1.0,A,1516
2015-12-06,Ein Frankfurt,Darmstadt,0,1,0.0,1.0,A,1516
2015-12-06,Stuttgart,Werder Bremen,1,1,1.0,0.0,D,1516
2015-12-11,Mainz,Stuttgart,0,0,0.0,0.0,D,1516
2015-12-12,Bayern Munich,Ingolstadt,2,0,0.0,0.0,H,1516
2015-12-12,Darmstadt,Hertha,0,4,0.0,2.0,A,1516
2015-12-12,Hoffenheim,Hannover,1,0,1.0,0.0,H,1516
2015-12-12,Leverkusen,M'gladbach,5,0,1.0,0.0,H,1516
2015-12-12,Werder Bremen,FC Koln,1,1,1.0,0.0,D,1516
2015-12-12,Wolfsburg,Hamburg,1,1,0.0,1.0,D,1516
2015-12-13,Augsburg,Schalke 04,2,1,1.0,0.0,H,1516
2015-12-13,Dortmund,Ein Frankfurt,4,1,1.0,1.0,H,1516
2015-12-18,Schalke 04,Hoffenheim,1,0,1.0,0.0,H,1516
2015-12-19,Ein Frankfurt,Werder Bremen,2,1,1.0,1.0,H,1516
2015-12-19,FC Koln,Dortmund,2,1,0.0,1.0,H,1516
2015-12-19,Hamburg,Augsburg,0,1,0.0,0.0,A,1516
2015-12-19,Hannover,Bayern Munich,0,1,0.0,1.0,A,1516
2015-12-19,Ingolstadt,Leverkusen,0,1,0.0,0.0,A,1516
2015-12-19,Stuttgart,Wolfsburg,3,1,2.0,1.0,H,1516
2015-12-20,Hertha,Mainz,2,0,1.0,0.0,H,1516
2015-12-20,M'gladbach,Darmstadt,3,2,1.0,1.0,H,1516
2016-01-22,Hamburg,Bayern Munich,1,2,0.0,1.0,A,1516
2016-01-23,FC Koln,Stuttgart,1,3,1.0,1.0,A,1516
2016-01-23,Hannover,Darmstadt,1,2,1.0,1.0,A,1516
2016-01-23,Hertha,Augsburg,0,0,0.0,0.0,D,1516
2016-01-23,Hoffenheim,Leverkusen,1,1,1.0,0.0,D,1516
2016-01-23,Ingolstadt,Mainz,1,0,1.0,0.0,H,1516
2016-01-23,M'gladbach,Dortmund,1,3,0.0,1.0,A,1516
2016-01-24,Ein Frankfurt,Wolfsburg,3,2,0.0,1.0,H,1516
2016-01-24,Schalke 04,Werder Bremen,1,3,1.0,1.0,A,1516
2016-01-29,Mainz,M'gladbach,1,0,1.0,0.0,H,1516
2016-01-30,Augsburg,Ein Frankfurt,0,0,0.0,0.0,D,1516
2016-01-30,Darmstadt,Schalke 04,0,2,0.0,1.0,A,1516
2016-01-30,Dortmund,Ingolstadt,2,0,0.0,0.0,H,1516
2016-01-30,Leverkusen,Hannover,3,0,1.0,0.0,H,1516
2016-01-30,Stuttgart,Hamburg,2,1,0.0,0.0,H,1516
2016-01-30,Werder Bremen,Hertha,3,3,0.0,2.0,D,1516
2016-01-31,Bayern Munich,Hoffenheim,2,0,1.0,0.0,H,1516
2016-01-31,Wolfsburg,FC Koln,1,1,0.0,0.0,D,1516
2016-02-05,M'gladbach,Werder Bremen,5,1,2.0,0.0,H,1516
2016-02-06,Ein Frankfurt,Stuttgart,2,4,0.0,2.0,A,1516
2016-02-06,Hannover,Mainz,0,1,0.0,1.0,A,1516
2016-02-06,Hertha,Dortmund,0,0,0.0,0.0,D,1516
2016-02-06,Ingolstadt,Augsburg,2,1,0.0,1.0,H,1516
2016-02-06,Leverkusen,Bayern Munich,0,0,0.0,0.0,D,1516
2016-02-06,Schalke 04,Wolfsburg,3,0,2.0,0.0,H,1516
2016-02-07,Hamburg,FC Koln,1,1,0.0,1.0,D,1516
2016-02-07,Hoffenheim,Darmstadt,0,2,0.0,1.0,A,1516
2016-02-12,Mainz,Schalke 04,2,1,1.0,0.0,H,1516
2016-02-13,Darmstadt,Leverkusen,1,2,1.0,0.0,A,1516
2016-02-13,Dortmund,Hannover,1,0,0.0,0.0,H,1516
2016-02-13,FC Koln,Ein Frankfurt,3,1,1.0,1.0,H,1516
2016-02-13,Stuttgart,Hertha,2,0,0.0,0.0,H,1516
2016-02-13,Werder Bremen,Hoffenheim,1,1,1.0,1.0,D,1516
2016-02-13,Wolfsburg,Ingolstadt,2,0,2.0,0.0,H,1516
2016-02-14,Augsburg,Bayern Munich,1,3,0.0,1.0,A,1516
2016-02-14,Hamburg,M'gladbach,3,2,2.0,1.0,H,1516
2016-02-19,Ein Frankfurt,Hamburg,0,0,0.0,0.0,D,1516
2016-02-20,Bayern Munich,Darmstadt,3,1,0.0,1.0,H,1516
2016-02-20,Hertha,Wolfsburg,1,1,0.0,0.0,D,1516
2016-02-20,Hoffenheim,Mainz,3,2,1.0,1.0,H,1516
2016-02-20,Ingolstadt,Werder Bremen,2,0,1.0,0.0,H,1516
2016-02-20,M'gladbach,FC Koln,1,0,1.0,0.0,H,1516
2016-02-21,Hannover,Augsburg,0,1,0.0,1.0,A,1516
2016-02-21,Leverkusen,Dortmund,0,1,0.0,0.0,A,1516
2016-02-21,Schalke 04,Stuttgart,1,1,1.0,0.0,D,1516
2016-02-26,FC Koln,Hertha,0,1,0.0,1.0,A,1516
2016-02-27,Hamburg,Ingolstadt,1,1,1.0,0.0,D,1516
2016-02-27,Stuttgart,Hannover,1,2,1.0,1.0,A,1516
2016-02-27,Werder Bremen,Darmstadt,2,2,1.0,1.0,D,1516
2016-02-27,Wolfsburg,Bayern Munich,0,2,0.0,0.0,A,1516
2016-02-28,Augsburg,M'gladbach,2,2,0.0,1.0,D,1516
2016-02-28,Dortmund,Hoffenheim,3,1,0.0,1.0,H,1516
2016-02-28,Ein Frankfurt,Schalke 04,0,0,0.0,0.0,D,1516
2016-02-28,Mainz,Leverkusen,3,1,2.0,0.0,H,1516
2016-03-01,Hannover,Wolfsburg,0,4,0.0,1.0,A,1516
2016-03-01,Ingolstadt,FC Koln,1,1,1.0,0.0,D,1516
2016-03-02,Bayern Munich,Mainz,1,2,0.0,1.0,A,1516
2016-03-02,Darmstadt,Dortmund,0,2,0.0,1.0,A,1516
2016-03-02,Hertha,Ein Frankfurt,2,0,0.0,0.0,H,1516
2016-03-02,Hoffenheim,Augsburg,2,1,1.0,1.0,H,1516
2016-03-02,Leverkusen,Werder Bremen,1,4,0.0,1.0,A,1516
2016-03-02,M'gladbach,Stuttgart,4,0,1.0,0.0,H,1516
2016-03-02,Schalke 04,Hamburg,3,2,1.0,1.0,H,1516
2016-03-05,Augsburg,Leverkusen,3,3,2.0,0.0,D,1516
2016-03-05,Dortmund,Bayern Munich,0,0,0.0,0.0,D,1516
2016-03-05,Ein Frankfurt,Ingolstadt,1,1,0.0,1.0,D,1516
2016-03-05,FC Koln,Schalke 04,1,3,1.0,2.0,A,1516
2016-03-05,Stuttgart,Hoffenheim,5,1,2.0,0.0,H,1516
2016-03-05,Werder Bremen,Hannover,4,1,2.0,1.0,H,1516
2016-03-05,Wolfsburg,M'gladbach,2,1,2.0,1.0,H,1516
2016-03-06,Hamburg,Hertha,2,0,0.0,0.0,H,1516
2016-03-06,Mainz,Darmstadt,0,0,0.0,0.0,D,1516
2016-03-11,Hertha,Schalke 04,2,0,1.0,0.0,H,1516
2016-03-12,Bayern Munich,Werder Bremen,5,0,2.0,0.0,H,1516
2016-03-12,Darmstadt,Augsburg,2,2,2.0,0.0,D,1516
2016-03-12,Hannover,FC Koln,0,2,0.0,1.0,A,1516
2016-03-12,Hoffenheim,Wolfsburg,1,0,1.0,0.0,H,1516
2016-03-12,Ingolstadt,Stuttgart,3,3,1.0,1.0,D,1516
2016-03-12,M'gladbach,Ein Frankfurt,3,0,1.0,0.0,H,1516
2016-03-13,Dortmund,Mainz,2,0,1.0,0.0,H,1516
2016-03-13,Leverkusen,Hamburg,1,0,1.0,0.0,H,1516
2016-03-18,Schalke 04,M'gladbach,2,1,0.0,0.0,H,1516
2016-03-19,Ein Frankfurt,Hannover,1,0,1.0,0.0,H,1516
2016-03-19,FC Koln,Bayern Munich,0,1,0.0,1.0,A,1516
2016-03-19,Hamburg,Hoffenheim,1,3,1.0,2.0,A,1516
2016-03-19,Hertha,Ingolstadt,2,1,0.0,0.0,H,1516
2016-03-19,Werder Bremen,Mainz,1,1,1.0,1.0,D,1516
2016-03-19,Wolfsburg,Darmstadt,1,1,0.0,0.0,D,1516
2016-03-20,Augsburg,Dortmund,1,3,1.0,1.0,A,1516
2016-03-20,Stuttgart,Leverkusen,0,2,0.0,1.0,A,1516
2016-04-01,Leverkusen,Wolfsburg,3,0,1.0,0.0,H,1516
2016-04-02,Bayern Munich,Ein Frankfurt,1,0,1.0,0.0,H,1516
2016-04-02,Darmstadt,Stuttgart,2,2,1.0,2.0,D,1516
2016-04-02,Dortmund,Werder Bremen,3,2,0.0,0.0,H,1516
2016-04-02,Hannover,Hamburg,0,3,0.0,0.0,A,1516
2016-04-02,Ingolstadt,Schalke 04,3,0,2.0,0.0,H,1516
2016-04-02,Mainz,Augsburg,4,2,2.0,2.0,H,1516
2016-04-03,Hoffenheim,FC Koln,1,1,0.0,0.0,D,1516
2016-04-03,M'gladbach,Hertha,5,0,1.0,0.0,H,1516
2016-04-08,Hertha,Hannover,2,2,1.0,1.0,D,1516
2016-04-09,Ein Frankfurt,Hoffenheim,0,2,0.0,0.0,A,1516
2016-04-09,Hamburg,Darmstadt,1,2,0.0,1.0,A,1516
2016-04-09,Ingolstadt,M'gladbach,1,0,0.0,0.0,H,1516
2016-04-09,Stuttgart,Bayern Munich,1,3,0.0,1.0,A,1516
2016-04-09,Werder Bremen,Augsburg,1,2,1.0,0.0,A,1516
2016-04-09,Wolfsburg,Mainz,1,1,0.0,0.0,D,1516
2016-04-10,FC Koln,Leverkusen,0,2,0.0,2.0,A,1516
2016-04-10,Schalke 04,Dortmund,2,2,0.0,0.0,D,1516
2016-04-15,Hannover,M'gladbach,2,0,0.0,0.0,H,1516
2016-04-16,Augsburg,Stuttgart,1,0,1.0,0.0,H,1516
2016-04-16,Bayern Munich,Schalke 04,3,0,0.0,0.0,H,1516
2016-04-16,Darmstadt,Ingolstadt,2,0,0.0,0.0,H,1516
2016-04-16,Hoffenheim,Hertha,2,1,1.0,1.0,H,1516
2016-04-16,Leverkusen,Ein Frankfurt,3,0,0.0,0.0,H,1516
2016-04-16,Werder Bremen,Wolfsburg,3,2,1.0,1.0,H,1516
2016-04-17,Dortmund,Hamburg,3,0,2.0,0.0,H,1516
2016-04-17,Mainz,FC Koln,2,3,1.0,0.0,A,1516
2016-04-22,Hamburg,Werder Bremen,2,1,2.0,0.0,H,1516
2016-04-23,FC Koln,Darmstadt,4,1,2.0,1.0,H,1516
2016-04-23,Hertha,Bayern Munich,0,2,0.0,0.0,A,1516
2016-04-23,Ingolstadt,Hannover,2,2,2.0,0.0,D,1516
2016-04-23,Schalke 04,Leverkusen,2,3,2.0,0.0,A,1516
2016-04-23,Stuttgart,Dortmund,0,3,0.0,2.0,A,1516
2016-04-23,Wolfsburg,Augsburg,0,2,0.0,1.0,A,1516
2016-04-24,Ein Frankfurt,Mainz,2,1,1.0,1.0,H,1516
2016-04-24,M'gladbach,Hoffenheim,3,1,2.0,0.0,H,1516
2016-04-29,Augsburg,FC Koln,0,0,0.0,0.0,D,1516
2016-04-30,Bayern Munich,M'gladbach,1,1,1.0,0.0,D,1516
2016-04-30,Darmstadt,Ein Frankfurt,1,2,1.0,0.0,A,1516
2016-04-30,Dortmund,Wolfsburg,5,1,2.0,0.0,H,1516
2016-04-30,Hannover,Schalke 04,1,3,1.0,2.0,A,1516
2016-04-30,Hoffenheim,Ingolstadt,2,1,1.0,1.0,H,1516
2016-04-30,Leverkusen,Hertha,2,1,2.0,1.0,H,1516
2016-04-30,Mainz,Hamburg,0,0,0.0,0.0,D,1516
2016-05-02,Werder Bremen,Stuttgart,6,2,3.0,1.0,H,1516
2016-05-07,Ein Frankfurt,Dortmund,1,0,1.0,0.0,H,1516
2016-05-07,FC Koln,Werder Bremen,0,0,0.0,0.0,D,1516
2016-05-07,Hamburg,Wolfsburg,0,1,0.0,0.0,A,1516
2016-05-07,Hannover,Hoffenheim,1,0,1.0,0.0,H,1516
2016-05-07,Hertha,Darmstadt,1,2,1.0,1.0,A,1516
2016-05-07,Ingolstadt,Bayern Munich,1,2,1.0,2.0,A,1516
2016-05-07,M'gladbach,Leverkusen,2,1,1.0,1.0,H,1516
2016-05-07,Schalke 04,Augsburg,1,1,0.0,0.0,D,1516
2016-05-07,Stuttgart,Mainz,1,3,1.0,1.0,A,1516
2016-05-14,Augsburg,Hamburg,1,3,1.0,1.0,A,1516
2016-05-14,Bayern Munich,Hannover,3,1,2.0,0.0,H,1516
2016-05-14,Darmstadt,M'gladbach,0,2,0.0,1.0,A,1516
2016-05-14,Dortmund,FC Koln,2,2,1.0,2.0,D,1516
2016-05-14,Hoffenheim,Schalke 04,1,4,1.0,2.0,A,1516
2016-05-14,Leverkusen,Ingolstadt,3,2,2.0,1.0,H,1516
2016-05-14,Mainz,Hertha,0,0,0.0,0.0,D,1516
2016-05-14,Werder Bremen,Ein Frankfurt,1,0,0.0,0.0,H,1516
2016-05-14,Wolfsburg,Stuttgart,3,1,2.0,0.0,H,1516
2016-08-26,Bayern Munich,Werder Bremen,6,0,2.0,0.0,H,1617
2016-08-27,Augsburg,Wolfsburg,0,2,0.0,1.0,A,1617
2016-08-27,Dortmund,Mainz,2,1,1.0,0.0,H,1617
2016-08-27,Ein Frankfurt,Schalke 04,1,0,1.0,0.0,H,1617
2016-08-27,FC Koln,Darmstadt,2,0,1.0,0.0,H,1617
2016-08-27,Hamburg,Ingolstadt,1,1,1.0,0.0,D,1617
2016-08-27,M'gladbach,Leverkusen,2,1,1.0,0.0,H,1617
2016-08-28,Hertha,Freiburg,2,1,0.0,0.0,H,1617
2016-08-28,Hoffenheim,RB Leipzig,2,2,0.0,0.0,D,1617
2016-09-09,Schalke 04,Bayern Munich,0,2,0.0,0.0,A,1617
2016-09-10,Darmstadt,Ein Frankfurt,1,0,0.0,0.0,H,1617
2016-09-10,Freiburg,M'gladbach,3,1,0.0,1.0,H,1617
2016-09-10,Ingolstadt,Hertha,0,2,0.0,1.0,A,1617
2016-09-10,Leverkusen,Hamburg,3,1,0.0,0.0,H,1617
2016-09-10,RB Leipzig,Dortmund,1,0,0.0,0.0,H,1617
2016-09-10,Wolfsburg,FC Koln,0,0,0.0,0.0,D,1617
2016-09-11,Mainz,Hoffenheim,4,4,4.0,1.0,D,1617
2016-09-11,Werder Bremen,Augsburg,1,2,1.0,0.0,A,1617
2016-09-16,FC Koln,Freiburg,3,0,3.0,0.0,H,1617
2016-09-17,Bayern Munich,Ingolstadt,3,1,1.0,1.0,H,1617
2016-09-17,Dortmund,Darmstadt,6,0,1.0,0.0,H,1617
2016-09-17,Ein Frankfurt,Leverkusen,2,1,0.0,0.0,H,1617
2016-09-17,Hamburg,RB Leipzig,0,4,0.0,0.0,A,1617
2016-09-17,Hoffenheim,Wolfsburg,0,0,0.0,0.0,D,1617
2016-09-17,M'gladbach,Werder Bremen,4,1,4.0,0.0,H,1617
2016-09-18,Augsburg,Mainz,1,3,0.0,1.0,A,1617
2016-09-18,Hertha,Schalke 04,2,0,0.0,0.0,H,1617
2016-09-20,Darmstadt,Hoffenheim,1,1,0.0,0.0,D,1617
2016-09-20,Freiburg,Hamburg,1,0,0.0,0.0,H,1617
2016-09-20,Ingolstadt,Ein Frankfurt,0,2,0.0,1.0,A,1617
2016-09-20,Wolfsburg,Dortmund,1,5,0.0,2.0,A,1617
2016-09-21,Bayern Munich,Hertha,3,0,1.0,0.0,H,1617
2016-09-21,Leverkusen,Augsburg,0,0,0.0,0.0,D,1617
2016-09-21,RB Leipzig,M'gladbach,1,1,1.0,0.0,D,1617
2016-09-21,Schalke 04,FC Koln,1,3,1.0,1.0,A,1617
2016-09-21,Werder Bremen,Mainz,1,2,1.0,0.0,A,1617
2016-09-23,Dortmund,Freiburg,3,1,1.0,0.0,H,1617
2016-09-24,Augsburg,Darmstadt,1,0,0.0,0.0,H,1617
2016-09-24,Ein Frankfurt,Hertha,3,3,2.0,1.0,D,1617
2016-09-24,Hamburg,Bayern Munich,0,1,0.0,0.0,A,1617
2016-09-24,Mainz,Leverkusen,2,3,2.0,1.0,A,1617
2016-09-24,M'gladbach,Ingolstadt,2,0,1.0,0.0,H,1617
2016-09-24,Werder Bremen,Wolfsburg,2,1,0.0,0.0,H,1617
2016-09-25,FC Koln,RB Leipzig,1,1,1.0,1.0,D,1617
2016-09-25,Hoffenheim,Schalke 04,2,1,2.0,1.0,H,1617
2016-09-30,RB Leipzig,Augsburg,2,1,1.0,1.0,H,1617
2016-10-01,Bayern Munich,FC Koln,1,1,1.0,0.0,D,1617
2016-10-01,Darmstadt,Werder Bremen,2,2,1.0,0.0,D,1617
2016-10-01,Freiburg,Ein Frankfurt,1,0,1.0,0.0,H,1617
2016-10-01,Hertha,Hamburg,2,0,1.0,0.0,H,1617
2016-10-01,Ingolstadt,Hoffenheim,1,2,0.0,2.0,A,1617
2016-10-01,Leverkusen,Dortmund,2,0,1.0,0.0,H,1617
2016-10-02,Schalke 04,M'gladbach,4,0,0.0,0.0,H,1617
2016-10-02,Wolfsburg,Mainz,0,0,0.0,0.0,D,1617
2016-10-14,Dortmund,Hertha,1,1,0.0,0.0,D,1617
2016-10-15,Augsburg,Schalke 04,1,1,0.0,0.0,D,1617
2016-10-15,Ein Frankfurt,Bayern Munich,2,2,1.0,1.0,D,1617
2016-10-15,FC Koln,Ingolstadt,2,1,2.0,0.0,H,1617
2016-10-15,Hoffenheim,Freiburg,2,1,1.0,0.0,H,1617
2016-10-15,M'gladbach,Hamburg,0,0,0.0,0.0,D,1617
2016-10-15,Werder Bremen,Leverkusen,2,1,1.0,1.0,H,1617
2016-10-16,Mainz,Darmstadt,2,1,1.0,0.0,H,1617
2016-10-16,Wolfsburg,RB Leipzig,0,1,0.0,0.0,A,1617
2016-10-21,Hamburg,Ein Frankfurt,0,3,0.0,1.0,A,1617
2016-10-22,Bayern Munich,M'gladbach,2,0,2.0,0.0,H,1617
2016-10-22,Darmstadt,Wolfsburg,3,1,1.0,0.0,H,1617
2016-10-22,Freiburg,Augsburg,2,1,0.0,0.0,H,1617
2016-10-22,Hertha,FC Koln,2,1,1.0,0.0,H,1617
2016-10-22,Ingolstadt,Dortmund,3,3,2.0,0.0,D,1617
2016-10-22,Leverkusen,Hoffenheim,0,3,0.0,1.0,A,1617
2016-10-23,RB Leipzig,Werder Bremen,3,1,1.0,0.0,H,1617
2016-10-23,Schalke 04,Mainz,3,0,1.0,0.0,H,1617
2016-10-28,M'gladbach,Ein Frankfurt,0,0,0.0,0.0,D,1617
2016-10-29,Augsburg,Bayern Munich,1,3,0.0,2.0,A,1617
2016-10-29,Darmstadt,RB Leipzig,0,2,0.0,0.0,A,1617
2016-10-29,Dortmund,Schalke 04,0,0,0.0,0.0,D,1617
2016-10-29,Mainz,Ingolstadt,2,0,0.0,0.0,H,1617
2016-10-29,Werder Bremen,Freiburg,1,3,0.0,2.0,A,1617
2016-10-29,Wolfsburg,Leverkusen,1,2,1.0,0.0,A,1617
2016-10-30,FC Koln,Hamburg,3,0,0.0,0.0,H,1617
2016-10-30,Hoffenheim,Hertha,1,0,1.0,0.0,H,1617
2016-11-04,Hertha,M'gladbach,3,0,2.0,0.0,H,1617
2016-11-05,Bayern Munich,Hoffenheim,1,1,1.0,1.0,D,1617
2016-11-05,Ein Frankfurt,FC Koln,1,0,1.0,0.0,H,1617
2016-11-05,Freiburg,Wolfsburg,0,3,0.0,1.0,A,1617
2016-11-05,Hamburg,Dortmund,2,5,0.0,3.0,A,1617
2016-11-05,Ingolstadt,Augsburg,0,2,0.0,0.0,A,1617
2016-11-05,Leverkusen,Darmstadt,3,2,1.0,0.0,H,1617
2016-11-06,RB Leipzig,Mainz,3,1,3.0,0.0,H,1617
2016-11-06,Schalke 04,Werder Bremen,3,1,2.0,1.0,H,1617
2016-11-18,Leverkusen,RB Leipzig,2,3,2.0,1.0,A,1617
2016-11-19,Augsburg,Hertha,0,0,0.0,0.0,D,1617
2016-11-19,Darmstadt,Ingolstadt,0,1,0.0,0.0,A,1617
2016-11-19,Dortmund,Bayern Munich,1,0,1.0,0.0,H,1617
2016-11-19,Mainz,Freiburg,4,2,2.0,0.0,H,1617
2016-11-19,M'gladbach,FC Koln,1,2,1.0,0.0,A,1617
2016-11-19,Wolfsburg,Schalke 04,0,1,0.0,0.0,A,1617
2016-11-20,Hoffenheim,Hamburg,2,2,1.0,1.0,D,1617
2016-11-20,Werder Bremen,Ein Frankfurt,1,2,1.0,0.0,A,1617
2016-11-25,Freiburg,RB Leipzig,1,4,1.0,3.0,A,1617
2016-11-26,Bayern Munich,Leverkusen,2,1,1.0,1.0,H,1617
2016-11-26,Ein Frankfurt,Dortmund,2,1,0.0,0.0,H,1617
2016-11-26,FC Koln,Augsburg,0,0,0.0,0.0,D,1617
2016-11-26,Hamburg,Werder Bremen,2,2,2.0,2.0,D,1617
2016-11-26,Ingolstadt,Wolfsburg,1,1,1.0,0.0,D,1617
2016-11-26,M'gladbach,Hoffenheim,1,1,1.0,0.0,D,1617
2016-11-27,Hertha,Mainz,2,1,1.0,1.0,H,1617
2016-11-27,Schalke 04,Darmstadt,3,1,1.0,1.0,H,1617
2016-12-02,Mainz,Bayern Munich,1,3,1.0,2.0,A,1617
2016-12-03,Dortmund,M'gladbach,4,1,2.0,1.0,H,1617
2016-12-03,Hoffenheim,FC Koln,4,0,2.0,0.0,H,1617
2016-12-03,Leverkusen,Freiburg,1,1,0.0,1.0,D,1617
2016-12-03,RB Leipzig,Schalke 04,2,1,1.0,1.0,H,1617
2016-12-03,Werder Bremen,Ingolstadt,2,1,1.0,0.0,H,1617
2016-12-03,Wolfsburg,Hertha,2,3,2.0,1.0,A,1617
2016-12-04,Augsburg,Ein Frankfurt,1,1,1.0,1.0,D,1617
2016-12-04,Darmstadt,Hamburg,0,2,0.0,1.0,A,1617
2016-12-09,Ein Frankfurt,Hoffenheim,0,0,0.0,0.0,D,1617
2016-12-10,Bayern Munich,Wolfsburg,5,0,2.0,0.0,H,1617
2016-12-10,FC Koln,Dortmund,1,1,1.0,0.0,D,1617
2016-12-10,Freiburg,Darmstadt,1,0,0.0,0.0,H,1617
2016-12-10,Hamburg,Augsburg,1,0,0.0,0.0,H,1617
2016-12-10,Hertha,Werder Bremen,0,1,0.0,1.0,A,1617
2016-12-10,Ingolstadt,RB Leipzig,1,0,1.0,0.0,H,1617
2016-12-11,M'gladbach,Mainz,1,0,0.0,0.0,H,1617
2016-12-11,Schalke 04,Leverkusen,0,1,0.0,0.0,A,1617
2016-12-16,Hoffenheim,Dortmund,2,2,2.0,1.0,D,1617
2016-12-17,Augsburg,M'gladbach,1,0,0.0,0.0,H,1617
2016-12-17,Mainz,Hamburg,3,1,1.0,1.0,H,1617
2016-12-17,RB Leipzig,Hertha,2,0,1.0,0.0,H,1617
2016-12-17,Schalke 04,Freiburg,1,1,0.0,0.0,D,1617
2016-12-17,Werder Bremen,FC Koln,1,1,1.0,1.0,D,1617
2016-12-17,Wolfsburg,Ein Frankfurt,1,0,1.0,0.0,H,1617
2016-12-18,Darmstadt,Bayern Munich,0,1,0.0,0.0,A,1617
2016-12-18,Leverkusen,Ingolstadt,1,2,0.0,1.0,A,1617
2016-12-20,Dortmund,Augsburg,1,1,0.0,1.0,D,1617
2016-12-20,Ein Frankfurt,Mainz,3,0,1.0,0.0,H,1617
2016-12-20,Hamburg,Schalke 04,2,1,0.0,0.0,H,1617
2016-12-20,M'gladbach,Wolfsburg,1,2,0.0,1.0,A,1617
2016-12-21,Bayern Munich,RB Leipzig,3,0,3.0,0.0,H,1617
2016-12-21,FC Koln,Leverkusen,1,1,1.0,1.0,D,1617
2016-12-21,Hertha,Darmstadt,2,0,0.0,0.0,H,1617
2016-12-21,Hoffenheim,Werder Bremen,1,1,1.0,0.0,D,1617
2016-12-21,Ingolstadt,Freiburg,1,2,0.0,2.0,A,1617
2017-01-20,Freiburg,Bayern Munich,1,2,1.0,1.0,A,1617
2017-01-21,Augsburg,Hoffenheim,0,2,0.0,0.0,A,1617
2017-01-21,Darmstadt,M'gladbach,0,0,0.0,0.0,D,1617
2017-01-21,RB Leipzig,Ein Frankfurt,3,0,2.0,0.0,H,1617
2017-01-21,Schalke 04,Ingolstadt,1,0,0.0,0.0,H,1617
2017-01-21,Werder Bremen,Dortmund,1,2,0.0,1.0,A,1617
2017-01-21,Wolfsburg,Hamburg,1,0,0.0,0.0,H,1617
2017-01-22,Leverkusen,Hertha,3,1,2.0,1.0,H,1617
2017-01-22,Mainz,FC Koln,0,0,0.0,0.0,D,1617
2017-01-27,Schalke 04,Ein Frankfurt,0,1,0.0,1.0,A,1617
2017-01-28,Darmstadt,FC Koln,1,6,0.0,3.0,A,1617
2017-01-28,Ingolstadt,Hamburg,3,1,2.0,0.0,H,1617
2017-01-28,Leverkusen,M'gladbach,2,3,2.0,0.0,A,1617
2017-01-28,RB Leipzig,Hoffenheim,2,1,1.0,1.0,H,1617
2017-01-28,Werder Bremen,Bayern Munich,1,2,0.0,2.0,A,1617
2017-01-28,Wolfsburg,Augsburg,1,2,1.0,1.0,A,1617
2017-01-29,Freiburg,Hertha,2,1,1.0,0.0,H,1617
2017-01-29,Mainz,Dortmund,1,1,0.0,1.0,D,1617
2017-02-03,Hamburg,Leverkusen,1,0,0.0,0.0,H,1617
2017-02-04,Bayern Munich,Schalke 04,1,1,1.0,1.0,D,1617
2017-02-04,Dortmund,RB Leipzig,1,0,1.0,0.0,H,1617
2017-02-04,FC Koln,Wolfsburg,1,0,0.0,0.0,H,1617
2017-02-04,Hertha,Ingolstadt,1,0,1.0,0.0,H,1617
2017-02-04,Hoffenheim,Mainz,4,0,1.0,0.0,H,1617
2017-02-04,M'gladbach,Freiburg,3,0,0.0,0.0,H,1617
2017-02-05,Augsburg,Werder Bremen,3,2,1.0,1.0,H,1617
2017-02-05,Ein Frankfurt,Darmstadt,2,0,0.0,0.0,H,1617
2017-02-10,Mainz,Augsburg,2,0,1.0,0.0,H,1617
2017-02-11,Darmstadt,Dortmund,2,1,1.0,1.0,H,1617
2017-02-11,Ingolstadt,Bayern Munich,0,2,0.0,0.0,A,1617
2017-02-11,Leverkusen,Ein Frankfurt,3,0,1.0,0.0,H,1617
2017-02-11,RB Leipzig,Hamburg,0,3,0.0,2.0,A,1617
2017-02-11,Schalke 04,Hertha,2,0,1.0,0.0,H,1617
2017-02-11,Werder Bremen,M'gladbach,0,1,0.0,1.0,A,1617
2017-02-12,Freiburg,FC Koln,2,1,1.0,1.0,H,1617
2017-02-12,Wolfsburg,Hoffenheim,2,1,0.0,1.0,H,1617
2017-02-17,Augsburg,Leverkusen,1,3,0.0,2.0,A,1617
2017-02-18,Dortmund,Wolfsburg,3,0,1.0,0.0,H,1617
2017-02-18,Ein Frankfurt,Ingolstadt,0,2,0.0,1.0,A,1617
2017-02-18,Hamburg,Freiburg,2,2,1.0,1.0,D,1617
2017-02-18,Hertha,Bayern Munich,1,1,1.0,0.0,D,1617
2017-02-18,Hoffenheim,Darmstadt,2,0,0.0,0.0,H,1617
2017-02-18,Mainz,Werder Bremen,0,2,0.0,2.0,A,1617
2017-02-19,FC Koln,Schalke 04,1,1,1.0,1.0,D,1617
2017-02-19,M'gladbach,RB Leipzig,1,2,0.0,1.0,A,1617
2017-02-24,Wolfsburg,Werder Bremen,1,2,1.0,2.0,A,1617
2017-02-25,Bayern Munich,Hamburg,8,0,3.0,0.0,H,1617
2017-02-25,Darmstadt,Augsburg,1,2,0.0,0.0,A,1617
2017-02-25,Freiburg,Dortmund,0,3,0.0,1.0,A,1617
2017-02-25,Hertha,Ein Frankfurt,2,0,0.0,0.0,H,1617
2017-02-25,Leverkusen,Mainz,0,2,0.0,2.0,A,1617
2017-02-25,RB Leipzig,FC Koln,3,1,2.0,0.0,H,1617
2017-02-26,Ingolstadt,M'gladbach,0,2,0.0,0.0,A,1617
2017-02-26,Schalke 04,Hoffenheim,1,1,1.0,0.0,D,1617
2017-03-03,Augsburg,RB Leipzig,2,2,1.0,1.0,D,1617
2017-03-04,Dortmund,Leverkusen,6,2,2.0,0.0,H,1617
2017-03-04,FC Koln,Bayern Munich,0,3,0.0,1.0,A,1617
2017-03-04,Hoffenheim,Ingolstadt,5,2,1.0,1.0,H,1617
2017-03-04,Mainz,Wolfsburg,1,1,1.0,1.0,D,1617
2017-03-04,M'gladbach,Schalke 04,4,2,1.0,1.0,H,1617
2017-03-04,Werder Bremen,Darmstadt,2,0,0.0,0.0,H,1617
2017-03-05,Ein Frankfurt,Freiburg,1,2,1.0,1.0,A,1617
2017-03-05,Hamburg,Hertha,1,0,0.0,0.0,H,1617
2017-03-10,Leverkusen,Werder Bremen,1,1,1.0,0.0,D,1617
2017-03-11,Bayern Munich,Ein Frankfurt,3,0,2.0,0.0,H,1617
2017-03-11,Darmstadt,Mainz,2,1,2.0,1.0,H,1617
2017-03-11,Freiburg,Hoffenheim,1,1,0.0,0.0,D,1617
2017-03-11,Hertha,Dortmund,2,1,1.0,0.0,H,1617
2017-03-11,Ingolstadt,FC Koln,2,2,1.0,1.0,D,1617
2017-03-11,RB Leipzig,Wolfsburg,0,1,0.0,1.0,A,1617
2017-03-12,Hamburg,M'gladbach,2,1,1.0,1.0,H,1617
2017-03-12,Schalke 04,Augsburg,3,0,3.0,0.0,H,1617
2017-03-17,Dortmund,Ingolstadt,1,0,1.0,0.0,H,1617
2017-03-18,Augsburg,Freiburg,1,1,1.0,1.0,D,1617
2017-03-18,Ein Frankfurt,Hamburg,0,0,0.0,0.0,D,1617
2017-03-18,FC Koln,Hertha,4,2,3.0,0.0,H,1617
2017-03-18,Hoffenheim,Leverkusen,1,0,0.0,0.0,H,1617
2017-03-18,Werder Bremen,RB Leipzig,3,0,1.0,0.0,H,1617
2017-03-18,Wolfsburg,Darmstadt,1,0,1.0,0.0,H,1617
2017-03-19,Mainz,Schalke 04,0,1,0.0,0.0,A,1617
2017-03-19,M'gladbach,Bayern Munich,0,1,0.0,0.0,A,1617
2017-03-31,Hertha,Hoffenheim,1,3,1.0,1.0,A,1617
2017-04-01,Bayern Munich,Augsburg,6,0,2.0,0.0,H,1617
2017-04-01,Ein Frankfurt,M'gladbach,0,0,0.0,0.0,D,1617
2017-04-01,Freiburg,Werder Bremen,2,5,0.0,2.0,A,1617
2017-04-01,Hamburg,FC Koln,2,1,1.0,1.0,H,1617
2017-04-01,RB Leipzig,Darmstadt,4,0,1.0,0.0,H,1617
2017-04-01,Schalke 04,Dortmund,1,1,0.0,0.0,D,1617
2017-04-02,Ingolstadt,Mainz,2,1,1.0,0.0,H,1617
2017-04-02,Leverkusen,Wolfsburg,3,3,1.0,0.0,D,1617
2017-04-04,Dortmund,Hamburg,3,0,1.0,0.0,H,1617
2017-04-04,FC Koln,Ein Frankfurt,1,0,0.0,0.0,H,1617
2017-04-04,Hoffenheim,Bayern Munich,1,0,1.0,0.0,H,1617
2017-04-04,Werder Bremen,Schalke 04,3,0,1.0,0.0,H,1617
2017-04-05,Augsburg,Ingolstadt,2,3,0.0,2.0,A,1617
2017-04-05,Darmstadt,Leverkusen,0,2,0.0,1.0,A,1617
2017-04-05,Mainz,RB Leipzig,2,3,0.0,0.0,A,1617
2017-04-05,M'gladbach,Hertha,1,0,1.0,0.0,H,1617
2017-04-05,Wolfsburg,Freiburg,0,1,0.0,0.0,A,1617
2017-04-07,Ein Frankfurt,Werder Bremen,2,2,0.0,2.0,D,1617
2017-04-08,Bayern Munich,Dortmund,4,1,2.0,1.0,H,1617
2017-04-08,FC Koln,M'gladbach,2,3,1.0,1.0,A,1617
2017-04-08,Freiburg,Mainz,1,0,0.0,0.0,H,1617
2017-04-08,Hamburg,Hoffenheim,2,1,1.0,1.0,H,1617
2017-04-08,RB Leipzig,Leverkusen,1,0,0.0,0.0,H,1617
2017-04-08,Schalke 04,Wolfsburg,4,1,2.0,0.0,H,1617
2017-04-09,Hertha,Augsburg,2,0,2.0,0.0,H,1617
2017-04-09,Ingolstadt,Darmstadt,3,2,1.0,2.0,H,1617
2017-04-15,Augsburg,FC Koln,2,1,2.0,0.0,H,1617
2017-04-15,Dortmund,Ein Frankfurt,3,1,2.0,1.0,H,1617
2017-04-15,Hoffenheim,M'gladbach,5,3,2.0,2.0,H,1617
2017-04-15,Leverkusen,Bayern Munich,0,0,0.0,0.0,D,1617
2017-04-15,Mainz,Hertha,1,0,1.0,0.0,H,1617
2017-04-15,RB Leipzig,Freiburg,4,0,2.0,0.0,H,1617
2017-04-15,Wolfsburg,Ingolstadt,3,0,1.0,0.0,H,1617
2017-04-16,Darmstadt,Schalke 04,2,1,1.0,0.0,H,1617
2017-04-16,Werder Bremen,Hamburg,2,1,1.0,1.0,H,1617
2017-04-21,FC Koln,Hoffenheim,1,1,0.0,0.0,D,1617
2017-04-22,Bayern Munich,Mainz,2,2,1.0,2.0,D,1617
2017-04-22,Ein Frankfurt,Augsburg,3,1,0.0,1.0,H,1617
2017-04-22,Hamburg,Darmstadt,1,2,0.0,0.0,A,1617
2017-04-22,Hertha,Wolfsburg,1,0,0.0,0.0,H,1617
2017-04-22,Ingolstadt,Werder Bremen,2,4,1.0,1.0,A,1617
2017-04-22,M'gladbach,Dortmund,2,3,1.0,1.0,A,1617
2017-04-23,Freiburg,Leverkusen,2,1,1.0,0.0,H,1617
2017-04-23,Schalke 04,RB Leipzig,1,1,0.0,1.0,D,1617
2017-04-28,Leverkusen,Schalke 04,1,4,0.0,3.0,A,1617
2017-04-29,Darmstadt,Freiburg,3,0,2.0,0.0,H,1617
2017-04-29,Dortmund,FC Koln,0,0,0.0,0.0,D,1617
2017-04-29,Mainz,M'gladbach,1,2,0.0,1.0,A,1617
2017-04-29,RB Leipzig,Ingolstadt,0,0,0.0,0.0,D,1617
2017-04-29,Werder Bremen,Hertha,2,0,2.0,0.0,H,1617
2017-04-29,Wolfsburg,Bayern Munich,0,6,0.0,3.0,A,1617
2017-04-30,Augsburg,Hamburg,4,0,2.0,0.0,H,1617
2017-04-30,Hoffenheim,Ein Frankfurt,1,0,0.0,0.0,H,1617
2017-05-05,FC Koln,Werder Bremen,4,3,3.0,2.0,H,1617
2017-05-06,Bayern Munich,Darmstadt,1,0,1.0,0.0,H,1617
2017-05-06,Dortmund,Hoffenheim,2,1,1.0,0.0,H,1617
2017-05-06,Ein Frankfurt,Wolfsburg,0,2,0.0,0.0,A,1617
2017-05-06,Hertha,RB Leipzig,1,4,0.0,1.0,A,1617
2017-05-06,Ingolstadt,Leverkusen,1,1,0.0,0.0,D,1617
2017-05-06,M'gladbach,Augsburg,1,1,0.0,0.0,D,1617
2017-05-07,Freiburg,Schalke 04,2,0,2.0,0.0,H,1617
2017-05-07,Hamburg,Mainz,0,0,0.0,0.0,D,1617
2017-05-13,Augsburg,Dortmund,1,1,1.0,1.0,D,1617
2017-05-13,Darmstadt,Hertha,0,2,0.0,2.0,A,1617
2017-05-13,Freiburg,Ingolstadt,1,1,1.0,1.0,D,1617
2017-05-13,Leverkusen,FC Koln,2,2,0.0,1.0,D,1617
2017-05-13,Mainz,Ein Frankfurt,4,2,0.0,1.0,H,1617
2017-05-13,RB Leipzig,Bayern Munich,4,5,2.0,1.0,A,1617
2017-05-13,Schalke 04,Hamburg,1,1,1.0,0.0,D,1617
2017-05-13,Werder Bremen,Hoffenheim,3,5,0.0,3.0,A,1617
2017-05-13,Wolfsburg,M'gladbach,1,1,0.0,1.0,D,1617
2017-05-20,Bayern Munich,Freiburg,4,1,1.0,0.0,H,1617
2017-05-20,Dortmund,Werder Bremen,4,3,2.0,1.0,H,1617
2017-05-20,Ein Frankfurt,RB Leipzig,2,2,0.0,1.0,D,1617
2017-05-20,FC Koln,Mainz,2,0,1.0,0.0,H,1617
2017-05-20,Hamburg,Wolfsburg,2,1,1.0,1.0,H,1617
2017-05-20,Hertha,Leverkusen,2,6,0.0,3.0,A,1617
2017-05-20,Hoffenheim,Augsburg,0,0,0.0,0.0,D,1617
2017-05-20,Ingolstadt,Schalke 04,1,1,1.0,1.0,D,1617
2017-05-20,M'gladbach,Darmstadt,2,2,0.0,0.0,D,1617
2017-08-18,Bayern Munich,Leverkusen,3,1,2.0,0.0,H,1718
2017-08-19,Hamburg,Augsburg,1,0,1.0,0.0,H,1718
2017-08-19,Hertha,Stuttgart,2,0,0.0,0.0,H,1718
2017-08-19,Hoffenheim,Werder Bremen,1,0,0.0,0.0,H,1718
2017-08-19,Mainz,Hannover,0,1,0.0,0.0,A,1718
2017-08-19,Schalke 04,RB Leipzig,2,0,1.0,0.0,H,1718
2017-08-19,Wolfsburg,Dortmund,0,3,0.0,2.0,A,1718
2017-08-20,Freiburg,Ein Frankfurt,0,0,0.0,0.0,D,1718
2017-08-20,M'gladbach,FC Koln,1,0,0.0,0.0,H,1718
2017-08-25,FC Koln,Hamburg,1,3,0.0,2.0,A,1718
2017-08-26,Augsburg,M'gladbach,2,2,1.0,2.0,D,1718
2017-08-26,Dortmund,Hertha,2,0,1.0,0.0,H,1718
2017-08-26,Ein Frankfurt,Wolfsburg,0,1,0.0,1.0,A,1718
2017-08-26,Leverkusen,Hoffenheim,2,2,1.0,0.0,D,1718
2017-08-26,Stuttgart,Mainz,1,0,0.0,0.0,H,1718
2017-08-26,Werder Bremen,Bayern Munich,0,2,0.0,0.0,A,1718
2017-08-27,Hannover,Schalke 04,1,0,0.0,0.0,H,1718
2017-08-27,RB Leipzig,Freiburg,4,1,0.0,1.0,H,1718
2017-09-08,Hamburg,RB Leipzig,0,2,0.0,0.0,A,1718
2017-09-09,Augsburg,FC Koln,3,0,2.0,0.0,H,1718
2017-09-09,Freiburg,Dortmund,0,0,0.0,0.0,D,1718
2017-09-09,Hoffenheim,Bayern Munich,2,0,1.0,0.0,H,1718
2017-09-09,Mainz,Leverkusen,3,1,1.0,1.0,H,1718
2017-09-09,M'gladbach,Ein Frankfurt,0,1,0.0,1.0,A,1718
2017-09-09,Wolfsburg,Hannover,1,1,0.0,0.0,D,1718
2017-09-10,Hertha,Werder Bremen,1,1,1.0,0.0,D,1718
2017-09-10,Schalke 04,Stuttgart,3,1,1.0,1.0,H,1718
2017-09-15,Hannover,Hamburg,2,0,0.0,0.0,H,1718
2017-09-16,Bayern Munich,Mainz,4,0,2.0,0.0,H,1718
2017-09-16,Ein Frankfurt,Augsburg,1,2,0.0,1.0,A,1718
2017-09-16,RB Leipzig,M'gladbach,2,2,2.0,1.0,D,1718
2017-09-16,Stuttgart,Wolfsburg,1,0,1.0,0.0,H,1718
2017-09-16,Werder Bremen,Schalke 04,1,2,1.0,1.0,A,1718
2017-09-17,Dortmund,FC Koln,5,0,2.0,0.0,H,1718
2017-09-17,Hoffenheim,Hertha,1,1,1.0,0.0,D,1718
2017-09-17,Leverkusen,Freiburg,4,0,3.0,0.0,H,1718
2017-09-19,Augsburg,RB Leipzig,1,0,1.0,0.0,H,1718
2017-09-19,M'gladbach,Stuttgart,2,0,0.0,0.0,H,1718
2017-09-19,Schalke 04,Bayern Munich,0,3,0.0,2.0,A,1718
2017-09-19,Wolfsburg,Werder Bremen,1,1,1.0,0.0,D,1718
2017-09-20,FC Koln,Ein Frankfurt,0,1,0.0,1.0,A,1718
2017-09-20,Freiburg,Hannover,1,1,0.0,0.0,D,1718
2017-09-20,Hamburg,Dortmund,0,3,0.0,1.0,A,1718
2017-09-20,Hertha,Leverkusen,2,1,2.0,0.0,H,1718
2017-09-20,Mainz,Hoffenheim,2,3,2.0,2.0,A,1718
2017-09-22,Bayern Munich,Wolfsburg,2,2,2.0,0.0,D,1718
2017-09-23,Dortmund,M'gladbach,6,1,3.0,0.0,H,1718
2017-09-23,Hoffenheim,Schalke 04,2,0,1.0,0.0,H,1718
2017-09-23,Mainz,Hertha,1,0,0.0,0.0,H,1718
2017-09-23,RB Leipzig,Ein Frankfurt,2,1,1.0,0.0,H,1718
2017-09-23,Stuttgart,Augsburg,0,0,0.0,0.0,D,1718
2017-09-23,Werder Bremen,Freiburg,0,0,0.0,0.0,D,1718
2017-09-24,Hannover,FC Koln,0,0,0.0,0.0,D,1718
2017-09-24,Leverkusen,Hamburg,3,0,2.0,0.0,H,1718
2017-09-29,Schalke 04,Leverkusen,1,1,1.0,0.0,D,1718
2017-09-30,Augsburg,Dortmund,1,2,1.0,2.0,A,1718
2017-09-30,Ein Frankfurt,Stuttgart,2,1,1.0,0.0,H,1718
2017-09-30,Hamburg,Werder Bremen,0,0,0.0,0.0,D,1718
2017-09-30,M'gladbach,Hannover,2,1,0.0,0.0,H,1718
2017-09-30,Wolfsburg,Mainz,1,1,0.0,0.0,D,1718
2017-10-01,FC Koln,RB Leipzig,1,2,0.0,1.0,A,1718
2017-10-01,Freiburg,Hoffenheim,3,2,2.0,1.0,H,1718
2017-10-01,Hertha,Bayern Munich,2,2,0.0,1.0,D,1718
2017-10-13,Stuttgart,FC Koln,2,1,1.0,0.0,H,1718
2017-10-14,Bayern Munich,Freiburg,5,0,2.0,0.0,H,1718
2017-10-14,Dortmund,RB Leipzig,2,3,1.0,2.0,A,1718
2017-10-14,Hannover,Ein Frankfurt,1,2,1.0,1.0,A,1718
2017-10-14,Hertha,Schalke 04,0,2,0.0,0.0,A,1718
2017-10-14,Hoffenheim,Augsburg,2,2,0.0,0.0,D,1718
2017-10-14,Mainz,Hamburg,3,2,1.0,1.0,H,1718
2017-10-15,Leverkusen,Wolfsburg,2,2,1.0,1.0,D,1718
2017-10-15,Werder Bremen,M'gladbach,0,2,0.0,2.0,A,1718
2017-10-20,Schalke 04,Mainz,2,0,1.0,0.0,H,1718
2017-10-21,Augsburg,Hannover,1,2,1.0,0.0,A,1718
2017-10-21,Ein Frankfurt,Dortmund,2,2,0.0,1.0,D,1718
2017-10-21,Hamburg,Bayern Munich,0,1,0.0,0.0,A,1718
2017-10-21,M'gladbach,Leverkusen,1,5,1.0,0.0,A,1718
2017-10-21,RB Leipzig,Stuttgart,1,0,1.0,0.0,H,1718
2017-10-22,FC Koln,Werder Bremen,0,0,0.0,0.0,D,1718
2017-10-22,Freiburg,Hertha,1,1,0.0,0.0,D,1718
2017-10-22,Wolfsburg,Hoffenheim,1,1,0.0,0.0,D,1718
2017-10-27,Mainz,Ein Frankfurt,1,1,0.0,1.0,D,1718
2017-10-28,Bayern Munich,RB Leipzig,2,0,2.0,0.0,H,1718
2017-10-28,Hannover,Dortmund,4,2,2.0,1.0,H,1718
2017-10-28,Hertha,Hamburg,2,1,1.0,0.0,H,1718
2017-10-28,Hoffenheim,M'gladbach,1,3,1.0,0.0,A,1718
2017-10-28,Leverkusen,FC Koln,2,1,0.0,1.0,H,1718
2017-10-28,Schalke 04,Wolfsburg,1,1,1.0,0.0,D,1718
2017-10-29,Stuttgart,Freiburg,3,0,2.0,0.0,H,1718
2017-10-29,Werder Bremen,Augsburg,0,3,0.0,2.0,A,1718
2017-11-03,Ein Frankfurt,Werder Bremen,2,1,1.0,1.0,H,1718
2017-11-04,Augsburg,Leverkusen,1,1,0.0,0.0,D,1718
2017-11-04,Dortmund,Bayern Munich,1,3,0.0,2.0,A,1718
2017-11-04,Freiburg,Schalke 04,0,1,0.0,0.0,A,1718
2017-11-04,Hamburg,Stuttgart,3,1,1.0,0.0,H,1718
2017-11-04,M'gladbach,Mainz,1,1,0.0,1.0,D,1718
2017-11-04,RB Leipzig,Hannover,2,1,0.0,0.0,H,1718
2017-11-05,FC Koln,Hoffenheim,0,3,0.0,1.0,A,1718
2017-11-05,Wolfsburg,Hertha,3,3,2.0,1.0,D,1718
2017-11-17,Stuttgart,Dortmund,2,1,1.0,1.0,H,1718
2017-11-18,Bayern Munich,Augsburg,3,0,2.0,0.0,H,1718
2017-11-18,Hertha,M'gladbach,2,4,1.0,3.0,A,1718
2017-11-18,Hoffenheim,Ein Frankfurt,1,1,0.0,1.0,D,1718
2017-11-18,Leverkusen,RB Leipzig,2,2,1.0,1.0,D,1718
2017-11-18,Mainz,FC Koln,1,0,1.0,0.0,H,1718
2017-11-18,Wolfsburg,Freiburg,3,1,2.0,0.0,H,1718
2017-11-19,Schalke 04,Hamburg,2,0,1.0,0.0,H,1718
2017-11-19,Werder Bremen,Hannover,4,0,1.0,0.0,H,1718
2017-11-24,Hannover,Stuttgart,1,1,0.0,1.0,D,1718
2017-11-25,Augsburg,Wolfsburg,2,1,0.0,1.0,H,1718
2017-11-25,Dortmund,Schalke 04,4,4,4.0,0.0,D,1718
2017-11-25,Ein Frankfurt,Leverkusen,0,1,0.0,0.0,A,1718
2017-11-25,Freiburg,Mainz,2,1,0.0,0.0,H,1718
2017-11-25,M'gladbach,Bayern Munich,2,1,2.0,0.0,H,1718
2017-11-25,RB Leipzig,Werder Bremen,2,0,1.0,0.0,H,1718
2017-11-26,FC Koln,Hertha,0,2,0.0,1.0,A,1718
2017-11-26,Hamburg,Hoffenheim,3,0,1.0,0.0,H,1718
2017-12-01,Freiburg,Hamburg,0,0,0.0,0.0,D,1718
2017-12-02,Bayern Munich,Hannover,3,1,1.0,1.0,H,1718
2017-12-02,Hoffenheim,RB Leipzig,4,0,1.0,0.0,H,1718
2017-12-02,Leverkusen,Dortmund,1,1,1.0,0.0,D,1718
2017-12-02,Mainz,Augsburg,1,3,0.0,2.0,A,1718
2017-12-02,Schalke 04,FC Koln,2,2,1.0,0.0,D,1718
2017-12-02,Werder Bremen,Stuttgart,1,0,1.0,0.0,H,1718
2017-12-03,Hertha,Ein Frankfurt,1,2,1.0,1.0,A,1718
2017-12-03,Wolfsburg,M'gladbach,3,0,2.0,0.0,H,1718
2017-12-08,Stuttgart,Leverkusen,0,2,0.0,1.0,A,1718
2017-12-09,Dortmund,Werder Bremen,1,2,0.0,1.0,A,1718
2017-12-09,Ein Frankfurt,Bayern Munich,0,1,0.0,1.0,A,1718
2017-12-09,Hamburg,Wolfsburg,0,0,0.0,0.0,D,1718
2017-12-09,M'gladbach,Schalke 04,1,1,1.0,0.0,D,1718
2017-12-09,RB Leipzig,Mainz,2,2,2.0,1.0,D,1718
2017-12-10,Augsburg,Hertha,1,1,0.0,0.0,D,1718
2017-12-10,FC Koln,Freiburg,3,4,3.0,1.0,A,1718
2017-12-10,Hannover,Hoffenheim,2,0,0.0,0.0,H,1718
2017-12-12,Freiburg,M'gladbach,1,0,1.0,0.0,H,1718
2017-12-12,Hamburg,Ein Frankfurt,1,2,1.0,2.0,A,1718
2017-12-12,Mainz,Dortmund,0,2,0.0,0.0,A,1718
2017-12-12,Wolfsburg,RB Leipzig,1,1,1.0,0.0,D,1718
2017-12-13,Bayern Munich,FC Koln,1,0,0.0,0.0,H,1718
2017-12-13,Hertha,Hannover,3,1,2.0,0.0,H,1718
2017-12-13,Hoffenheim,Stuttgart,1,0,0.0,0.0,H,1718
2017-12-13,Leverkusen,Werder Bremen,1,0,1.0,0.0,H,1718
2017-12-13,Schalke 04,Augsburg,3,2,1.0,0.0,H,1718
2017-12-15,M'gladbach,Hamburg,3,1,1.0,0.0,H,1718
2017-12-16,Augsburg,Freiburg,3,3,1.0,1.0,D,1718
2017-12-16,Dortmund,Hoffenheim,2,1,0.0,1.0,H,1718
2017-12-16,Ein Frankfurt,Schalke 04,2,2,1.0,0.0,D,1718
2017-12-16,FC Koln,Wolfsburg,1,0,0.0,0.0,H,1718
2017-12-16,Stuttgart,Bayern Munich,0,1,0.0,0.0,A,1718
2017-12-16,Werder Bremen,Mainz,2,2,2.0,0.0,D,1718
2017-12-17,Hannover,Leverkusen,4,4,3.0,2.0,D,1718
2017-12-17,RB Leipzig,Hertha,2,3,0.0,2.0,A,1718
2018-01-12,Leverkusen,Bayern Munich,1,3,0.0,1.0,A,1718
2018-01-13,Augsburg,Hamburg,1,0,1.0,0.0,H,1718
2018-01-13,Ein Frankfurt,Freiburg,1,1,1.0,0.0,D,1718
2018-01-13,Hannover,Mainz,3,2,2.0,2.0,H,1718
2018-01-13,RB Leipzig,Schalke 04,3,1,1.0,0.0,H,1718
2018-01-13,Stuttgart,Hertha,1,0,0.0,0.0,H,1718
2018-01-13,Werder Bremen,Hoffenheim,1,1,0.0,1.0,D,1718
2018-01-14,Dortmund,Wolfsburg,0,0,0.0,0.0,D,1718
2018-01-14,FC Koln,M'gladbach,2,1,1.0,0.0,H,1718
2018-01-19,Hertha,Dortmund,1,1,0.0,0.0,D,1718
2018-01-20,Freiburg,RB Leipzig,2,1,0.0,0.0,H,1718
2018-01-20,Hamburg,FC Koln,0,2,0.0,1.0,A,1718
2018-01-20,Hoffenheim,Leverkusen,1,4,0.0,1.0,A,1718
2018-01-20,Mainz,Stuttgart,3,2,1.0,1.0,H,1718
2018-01-20,M'gladbach,Augsburg,2,0,1.0,0.0,H,1718
2018-01-20,Wolfsburg,Ein Frankfurt,1,3,0.0,2.0,A,1718
2018-01-21,Bayern Munich,Werder Bremen,4,2,1.0,1.0,H,1718
2018-01-21,Schalke 04,Hannover,1,1,1.0,0.0,D,1718
2018-01-26,Ein Frankfurt,M'gladbach,2,0,1.0,0.0,H,1718
2018-01-27,Bayern Munich,Hoffenheim,5,2,2.0,2.0,H,1718
2018-01-27,Dortmund,Freiburg,2,2,1.0,1.0,D,1718
2018-01-27,FC Koln,Augsburg,1,1,1.0,0.0,D,1718
2018-01-27,RB Leipzig,Hamburg,1,1,1.0,1.0,D,1718
2018-01-27,Stuttgart,Schalke 04,0,2,0.0,2.0,A,1718
2018-01-27,Werder Bremen,Hertha,0,0,0.0,0.0,D,1718
2018-01-28,Hannover,Wolfsburg,0,1,0.0,0.0,A,1718
2018-01-28,Leverkusen,Mainz,2,0,0.0,0.0,H,1718
2018-02-02,FC Koln,Dortmund,2,3,0.0,1.0,A,1718
2018-02-03,Freiburg,Leverkusen,0,0,0.0,0.0,D,1718
2018-02-03,Hertha,Hoffenheim,1,1,0.0,1.0,D,1718
2018-02-03,Mainz,Bayern Munich,0,2,0.0,2.0,A,1718
2018-02-03,M'gladbach,RB Leipzig,0,1,0.0,0.0,A,1718
2018-02-03,Schalke 04,Werder Bremen,1,2,1.0,0.0,A,1718
2018-02-03,Wolfsburg,Stuttgart,1,1,1.0,0.0,D,1718
2018-02-04,Augsburg,Ein Frankfurt,3,0,1.0,0.0,H,1718
2018-02-04,Hamburg,Hannover,1,1,0.0,1.0,D,1718
2018-02-09,RB Leipzig,Augsburg,2,0,1.0,0.0,H,1718
2018-02-10,Bayern Munich,Schalke 04,2,1,2.0,1.0,H,1718
2018-02-10,Dortmund,Hamburg,2,0,0.0,0.0,H,1718
2018-02-10,Ein Frankfurt,FC Koln,4,2,1.0,0.0,H,1718
2018-02-10,Hannover,Freiburg,2,1,1.0,0.0,H,1718
2018-02-10,Hoffenheim,Mainz,4,2,1.0,1.0,H,1718
2018-02-10,Leverkusen,Hertha,0,2,0.0,1.0,A,1718
2018-02-11,Stuttgart,M'gladbach,1,0,1.0,0.0,H,1718
2018-02-11,Werder Bremen,Wolfsburg,3,1,2.0,0.0,H,1718
2018-02-16,Hertha,Mainz,0,2,0.0,1.0,A,1718
2018-02-17,FC Koln,Hannover,1,1,1.0,1.0,D,1718
2018-02-17,Freiburg,Werder Bremen,1,0,1.0,0.0,H,1718
2018-02-17,Hamburg,Leverkusen,1,2,0.0,1.0,A,1718
2018-02-17,Schalke 04,Hoffenheim,2,1,2.0,0.0,H,1718
2018-02-17,Wolfsburg,Bayern Munich,1,2,1.0,0.0,A,1718
2018-02-18,Augsburg,Stuttgart,0,1,0.0,1.0,A,1718
2018-02-18,M'gladbach,Dortmund,0,1,0.0,1.0,A,1718
2018-02-19,Ein Frankfurt,RB Leipzig,2,1,2.0,1.0,H,1718
2018-02-23,Mainz,Wolfsburg,1,1,1.0,1.0,D,1718
2018-02-24,Bayern Munich,Hertha,0,0,0.0,0.0,D,1718
2018-02-24,Hannover,M'gladbach,0,1,0.0,0.0,A,1718
2018-02-24,Hoffenheim,Freiburg,1,1,0.0,0.0,D,1718
2018-02-24,Stuttgart,Ein Frankfurt,1,0,1.0,0.0,H,1718
2018-02-24,Werder Bremen,Hamburg,1,0,0.0,0.0,H,1718
2018-02-25,Leverkusen,Schalke 04,0,2,0.0,1.0,A,1718
2018-02-25,RB Leipzig,FC Koln,1,2,1.0,0.0,A,1718
2018-02-26,Dortmund,Augsburg,1,1,1.0,0.0,D,1718
2018-03-02,M'gladbach,Werder Bremen,2,2,2.0,0.0,D,1718
2018-03-03,Augsburg,Hoffenheim,0,2,0.0,1.0,A,1718
2018-03-03,Ein Frankfurt,Hannover,1,0,1.0,0.0,H,1718
2018-03-03,Hamburg,Mainz,0,0,0.0,0.0,D,1718
2018-03-03,RB Leipzig,Dortmund,1,1,1.0,1.0,D,1718
2018-03-03,Schalke 04,Hertha,1,0,1.0,0.0,H,1718
2018-03-03,Wolfsburg,Leverkusen,1,2,0.0,1.0,A,1718
2018-03-04,FC Koln,Stuttgart,2,3,1.0,2.0,A,1718
2018-03-04,Freiburg,Bayern Munich,0,4,0.0,2.0,A,1718
2018-03-09,Mainz,Schalke 04,0,1,0.0,0.0,A,1718
2018-03-10,Bayern Munich,Hamburg,6,0,3.0,0.0,H,1718
2018-03-10,Hannover,Augsburg,1,3,1.0,2.0,A,1718
2018-03-10,Hertha,Freiburg,0,0,0.0,0.0,D,1718
2018-03-10,Hoffenheim,Wolfsburg,3,0,1.0,0.0,H,1718
2018-03-10,Leverkusen,M'gladbach,2,0,1.0,0.0,H,1718
2018-03-11,Dortmund,Ein Frankfurt,3,2,1.0,0.0,H,1718
2018-03-11,Stuttgart,RB Leipzig,0,0,0.0,0.0,D,1718
2018-03-12,Werder Bremen,FC Koln,3,1,1.0,0.0,H,1718
2018-03-16,Freiburg,Stuttgart,1,2,0.0,1.0,A,1718
2018-03-17,Augsburg,Werder Bremen,1,3,0.0,2.0,A,1718
2018-03-17,Ein Frankfurt,Mainz,3,0,3.0,0.0,H,1718
2018-03-17,Hamburg,Hertha,1,2,1.0,0.0,A,1718
2018-03-17,M'gladbach,Hoffenheim,3,3,1.0,1.0,D,1718
2018-03-17,Wolfsburg,Schalke 04,0,1,0.0,0.0,A,1718
2018-03-18,Dortmund,Hannover,1,0,1.0,0.0,H,1718
2018-03-18,FC Koln,Leverkusen,2,0,1.0,0.0,H,1718
2018-03-18,RB Leipzig,Bayern Munich,2,1,1.0,1.0,H,1718
2018-03-31,Bayern Munich,Dortmund,6,0,5.0,0.0,H,1718
2018-03-31,Hannover,RB Leipzig,2,3,0.0,1.0,A,1718
2018-03-31,Hertha,Wolfsburg,0,0,0.0,0.0,D,1718
2018-03-31,Hoffenheim,FC Koln,6,0,1.0,0.0,H,1718
2018-03-31,Leverkusen,Augsburg,0,0,0.0,0.0,D,1718
2018-03-31,Schalke 04,Freiburg,2,0,0.0,0.0,H,1718
2018-03-31,Stuttgart,Hamburg,1,1,1.0,1.0,D,1718
2018-04-01,Mainz,M'gladbach,0,0,0.0,0.0,D,1718
2018-04-01,Werder Bremen,Ein Frankfurt,2,1,1.0,0.0,H,1718
2018-04-06,Hannover,Werder Bremen,2,1,2.0,0.0,H,1718
2018-04-07,Augsburg,Bayern Munich,1,4,1.0,2.0,A,1718
2018-04-07,FC Koln,Mainz,1,1,1.0,0.0,D,1718
2018-04-07,Freiburg,Wolfsburg,0,2,0.0,1.0,A,1718
2018-04-07,Hamburg,Schalke 04,3,2,1.0,1.0,H,1718
2018-04-07,M'gladbach,Hertha,2,1,0.0,1.0,H,1718
2018-04-08,Dortmund,Stuttgart,3,0,1.0,0.0,H,1718
2018-04-08,Ein Frankfurt,Hoffenheim,1,1,0.0,0.0,D,1718
2018-04-09,RB Leipzig,Leverkusen,1,4,1.0,1.0,A,1718
2018-04-13,Wolfsburg,Augsburg,0,0,0.0,0.0,D,1718
2018-04-14,Bayern Munich,M'gladbach,5,1,2.0,1.0,H,1718
2018-04-14,Hertha,FC Koln,2,1,0.0,1.0,H,1718
2018-04-14,Hoffenheim,Hamburg,2,0,2.0,0.0,H,1718
2018-04-14,Leverkusen,Ein Frankfurt,4,1,1.0,1.0,H,1718
2018-04-14,Stuttgart,Hannover,1,1,0.0,0.0,D,1718
2018-04-15,Schalke 04,Dortmund,2,0,0.0,0.0,H,1718
2018-04-15,Werder Bremen,RB Leipzig,1,1,1.0,0.0,D,1718
2018-04-16,Mainz,Freiburg,2,0,1.0,0.0,H,1718
2018-04-20,M'gladbach,Wolfsburg,3,0,3.0,0.0,H,1718
2018-04-21,Dortmund,Leverkusen,4,0,1.0,0.0,H,1718
2018-04-21,Ein Frankfurt,Hertha,0,3,0.0,0.0,A,1718
2018-04-21,Hamburg,Freiburg,1,0,0.0,0.0,H,1718
2018-04-21,Hannover,Bayern Munich,0,3,0.0,0.0,A,1718
2018-04-21,RB Leipzig,Hoffenheim,2,5,0.0,3.0,A,1718
2018-04-21,Stuttgart,Werder Bremen,2,0,1.0,0.0,H,1718
2018-04-22,Augsburg,Mainz,2,0,1.0,0.0,H,1718
2018-04-22,FC Koln,Schalke 04,2,2,1.0,2.0,D,1718
2018-04-27,Hoffenheim,Hannover,3,1,1.0,1.0,H,1718
2018-04-28,Bayern Munich,Ein Frankfurt,4,1,1.0,0.0,H,1718
2018-04-28,Freiburg,FC Koln,3,2,1.0,0.0,H,1718
2018-04-28,Hertha,Augsburg,2,2,0.0,1.0,D,1718
2018-04-28,Leverkusen,Stuttgart,0,1,0.0,0.0,A,1718
2018-04-28,Schalke 04,M'gladbach,1,1,1.0,1.0,D,1718
2018-04-28,Wolfsburg,Hamburg,1,3,0.0,2.0,A,1718
2018-04-29,Mainz,RB Leipzig,3,0,1.0,0.0,H,1718
2018-04-29,Werder Bremen,Dortmund,1,1,1.0,1.0,D,1718
2018-05-05,Augsburg,Schalke 04,1,2,1.0,2.0,A,1718
2018-05-05,Dortmund,Mainz,1,2,1.0,2.0,A,1718
2018-05-05,Ein Frankfurt,Hamburg,3,0,1.0,0.0,H,1718
2018-05-05,FC Koln,Bayern Munich,1,3,1.0,0.0,A,1718
2018-05-05,Hannover,Hertha,3,1,3.0,0.0,H,1718
2018-05-05,M'gladbach,Freiburg,3,1,1.0,0.0,H,1718
2018-05-05,RB Leipzig,Wolfsburg,4,1,2.0,0.0,H,1718
2018-05-05,Stuttgart,Hoffenheim,2,0,1.0,0.0,H,1718
2018-05-05,Werder Bremen,Leverkusen,0,0,0.0,0.0,D,1718
2018-05-12,Bayern Munich,Stuttgart,1,4,1.0,2.0,A,1718
2018-05-12,Freiburg,Augsburg,2,0,0.0,0.0,H,1718
2018-05-12,Hamburg,M'gladbach,2,1,1.0,1.0,H,1718
2018-05-12,Hertha,RB Leipzig,2,6,1.0,3.0,A,1718
2018-05-12,Hoffenheim,Dortmund,3,1,1.0,0.0,H,1718
2018-05-12,Leverkusen,Hannover,3,2,2.0,0.0,H,1718
2018-05-12,Mainz,Werder Bremen,1,2,1.0,1.0,A,1718
2018-05-12,Schalke 04,Ein Frankfurt,1,0,1.0,0.0,H,1718
2018-05-12,Wolfsburg,FC Koln,4,1,1.0,1.0,H,1718
2018-08-24,Bayern Munich,Hoffenheim,3,1,1.0,0.0,H,1819
2018-08-25,Fortuna Dusseldorf,Augsburg,1,2,1.0,0.0,A,1819
2018-08-25,Freiburg,Ein Frankfurt,0,2,0.0,1.0,A,1819
2018-08-25,Hertha,Nurnberg,1,0,1.0,0.0,H,1819
2018-08-25,M'gladbach,Leverkusen,2,0,0.0,0.0,H,1819
2018-08-25,Werder Bremen,Hannover,1,1,0.0,0.0,D,1819
2018-08-25,Wolfsburg,Schalke 04,2,1,1.0,0.0,H,1819
2018-08-26,Dortmund,RB Leipzig,4,1,3.0,1.0,H,1819
2018-08-26,Mainz,Stuttgart,1,0,0.0,0.0,H,1819
2018-08-31,Hannover,Dortmund,0,0,0.0,0.0,D,1819
2018-09-01,Augsburg,M'gladbach,1,1,1.0,0.0,D,1819
2018-09-01,Ein Frankfurt,Werder Bremen,1,2,0.0,1.0,A,1819
2018-09-01,Hoffenheim,Freiburg,3,1,0.0,1.0,H,1819
2018-09-01,Leverkusen,Wolfsburg,1,3,1.0,1.0,A,1819
2018-09-01,Nurnberg,Mainz,1,1,0.0,1.0,D,1819
2018-09-01,Stuttgart,Bayern Munich,0,3,0.0,1.0,A,1819
2018-09-02,RB Leipzig,Fortuna Dusseldorf,1,1,0.0,0.0,D,1819
2018-09-02,Schalke 04,Hertha,0,2,0.0,1.0,A,1819
2018-09-14,Dortmund,Ein Frankfurt,3,1,1.0,0.0,H,1819
2018-09-15,Bayern Munich,Leverkusen,3,1,2.0,1.0,H,1819
2018-09-15,Fortuna Dusseldorf,Hoffenheim,2,1,1.0,0.0,H,1819
2018-09-15,Mainz,Augsburg,2,1,0.0,0.0,H,1819
2018-09-15,M'gladbach,Schalke 04,2,1,1.0,0.0,H,1819
2018-09-15,RB Leipzig,Hannover,3,2,2.0,1.0,H,1819
2018-09-15,Wolfsburg,Hertha,2,2,0.0,0.0,D,1819
2018-09-16,Freiburg,Stuttgart,3,3,1.0,1.0,D,1819
2018-09-16,Werder Bremen,Nurnberg,1,1,1.0,0.0,D,1819
2018-09-21,Stuttgart,Fortuna Dusseldorf,0,0,0.0,0.0,D,1819
2018-09-22,Augsburg,Werder Bremen,2,3,1.0,2.0,A,1819
2018-09-22,Hertha,M'gladbach,4,2,2.0,1.0,H,1819
2018-09-22,Hoffenheim,Dortmund,1,1,1.0,0.0,D,1819
2018-09-22,Nurnberg,Hannover,2,0,0.0,0.0,H,1819
2018-09-22,Schalke 04,Bayern Munich,0,2,0.0,1.0,A,1819
2018-09-22,Wolfsburg,Freiburg,1,3,0.0,2.0,A,1819
2018-09-23,Ein Frankfurt,RB Leipzig,1,1,1.0,0.0,D,1819
2018-09-23,Leverkusen,Mainz,1,0,0.0,0.0,H,1819
2018-09-25,Bayern Munich,Augsburg,1,1,0.0,0.0,D,1819
2018-09-25,Freiburg,Schalke 04,1,0,0.0,0.0,H,1819
2018-09-25,Hannover,Hoffenheim,1,3,0.0,1.0,A,1819
2018-09-25,Werder Bremen,Hertha,3,1,2.0,0.0,H,1819
2018-09-26,Dortmund,Nurnberg,7,0,2.0,0.0,H,1819
2018-09-26,Fortuna Dusseldorf,Leverkusen,1,2,0.0,0.0,A,1819
2018-09-26,Mainz,Wolfsburg,0,0,0.0,0.0,D,1819
2018-09-26,M'gladbach,Ein Frankfurt,3,1,0.0,0.0,H,1819
2018-09-26,RB Leipzig,Stuttgart,2,0,1.0,0.0,H,1819
2018-09-28,Hertha,Bayern Munich,2,0,2.0,0.0,H,1819
2018-09-29,Hoffenheim,RB Leipzig,1,2,0.0,0.0,A,1819
2018-09-29,Leverkusen,Dortmund,2,4,2.0,0.0,A,1819
2018-09-29,Nurnberg,Fortuna Dusseldorf,3,0,1.0,0.0,H,1819
2018-09-29,Schalke 04,Mainz,1,0,1.0,0.0,H,1819
2018-09-29,Stuttgart,Werder Bremen,2,1,1.0,0.0,H,1819
2018-09-29,Wolfsburg,M'gladbach,2,2,1.0,1.0,D,1819
2018-09-30,Augsburg,Freiburg,4,1,2.0,0.0,H,1819
2018-09-30,Ein Frankfurt,Hannover,4,1,2.0,0.0,H,1819
2018-10-05,Werder Bremen,Wolfsburg,2,0,1.0,0.0,H,1819
2018-10-06,Bayern Munich,M'gladbach,0,3,0.0,2.0,A,1819
2018-10-06,Dortmund,Augsburg,4,3,0.0,1.0,H,1819
2018-10-06,Fortuna Dusseldorf,Schalke 04,0,2,0.0,0.0,A,1819
2018-10-06,Hannover,Stuttgart,3,1,2.0,0.0,H,1819
2018-10-06,Mainz,Hertha,0,0,0.0,0.0,D,1819
2018-10-07,Freiburg,Leverkusen,0,0,0.0,0.0,D,1819
2018-10-07,Hoffenheim,Ein Frankfurt,1,2,0.0,1.0,A,1819
2018-10-07,RB Leipzig,Nurnberg,6,0,4.0,0.0,H,1819
2018-10-19,Ein Frankfurt,Fortuna Dusseldorf,7,1,3.0,0.0,H,1819
2018-10-20,Augsburg,RB Leipzig,0,0,0.0,0.0,D,1819
2018-10-20,Leverkusen,Hannover,2,2,1.0,1.0,D,1819
2018-10-20,Nurnberg,Hoffenheim,1,3,1.0,0.0,A,1819
2018-10-20,Schalke 04,Werder Bremen,0,2,0.0,1.0,A,1819
2018-10-20,Stuttgart,Dortmund,0,4,0.0,3.0,A,1819
2018-10-20,Wolfsburg,Bayern Munich,1,3,0.0,1.0,A,1819
2018-10-21,Hertha,Freiburg,1,1,1.0,1.0,D,1819
2018-10-21,M'gladbach,Mainz,4,0,1.0,0.0,H,1819
2018-10-26,Freiburg,M'gladbach,3,1,1.0,1.0,H,1819
2018-10-27,Dortmund,Hertha,2,2,1.0,1.0,D,1819
2018-10-27,Fortuna Dusseldorf,Wolfsburg,0,3,0.0,1.0,A,1819
2018-10-27,Hannover,Augsburg,1,2,0.0,1.0,A,1819
2018-10-27,Hoffenheim,Stuttgart,4,0,0.0,0.0,H,1819
2018-10-27,Mainz,Bayern Munich,1,2,0.0,1.0,A,1819
2018-10-28,Nurnberg,Ein Frankfurt,1,1,0.0,0.0,D,1819
2018-10-28,RB Leipzig,Schalke 04,0,0,0.0,0.0,D,1819
2018-10-28,Werder Bremen,Leverkusen,2,6,0.0,3.0,A,1819
2018-11-02,Stuttgart,Ein Frankfurt,0,3,0.0,2.0,A,1819
2018-11-03,Augsburg,Nurnberg,2,2,1.0,0.0,D,1819
2018-11-03,Bayern Munich,Freiburg,1,1,0.0,0.0,D,1819
2018-11-03,Hertha,RB Leipzig,0,3,0.0,1.0,A,1819
2018-11-03,Leverkusen,Hoffenheim,1,4,1.0,2.0,A,1819
2018-11-03,Schalke 04,Hannover,3,1,0.0,0.0,H,1819
2018-11-03,Wolfsburg,Dortmund,0,1,0.0,1.0,A,1819
2018-11-04,Mainz,Werder Bremen,2,1,1.0,0.0,H,1819
2018-11-04,M'gladbach,Fortuna Dusseldorf,3,0,0.0,0.0,H,1819
2018-11-09,Hannover,Wolfsburg,2,1,1.0,0.0,H,1819
2018-11-10,Dortmund,Bayern Munich,3,2,0.0,1.0,H,1819
2018-11-10,Fortuna Dusseldorf,Hertha,4,1,0.0,0.0,H,1819
2018-11-10,Freiburg,Mainz,1,3,0.0,2.0,A,1819
2018-11-10,Hoffenheim,Augsburg,2,1,0.0,0.0,H,1819
2018-11-10,Nurnberg,Stuttgart,0,2,0.0,0.0,A,1819
2018-11-10,Werder Bremen,M'gladbach,1,3,0.0,1.0,A,1819
2018-11-11,Ein Frankfurt,Schalke 04,3,0,0.0,0.0,H,1819
2018-11-11,RB Leipzig,Leverkusen,3,0,1.0,0.0,H,1819
2018-11-23,Leverkusen,Stuttgart,2,0,0.0,0.0,H,1819
2018-11-24,Augsburg,Ein Frankfurt,1,3,0.0,1.0,A,1819
2018-11-24,Bayern Munich,Fortuna Dusseldorf,3,3,2.0,1.0,D,1819
2018-11-24,Hertha,Hoffenheim,3,3,1.0,2.0,D,1819
2018-11-24,Mainz,Dortmund,1,2,0.0,0.0,A,1819
2018-11-24,Schalke 04,Nurnberg,5,2,2.0,1.0,H,1819
2018-11-24,Wolfsburg,RB Leipzig,1,0,0.0,0.0,H,1819
2018-11-25,Freiburg,Werder Bremen,1,1,1.0,0.0,D,1819
2018-11-25,M'gladbach,Hannover,4,1,2.0,1.0,H,1819
2018-11-30,Fortuna Dusseldorf,Mainz,0,1,0.0,0.0,A,1819
2018-12-01,Dortmund,Freiburg,2,0,1.0,0.0,H,1819
2018-12-01,Hannover,Hertha,0,2,0.0,1.0,A,1819
2018-12-01,Hoffenheim,Schalke 04,1,1,0.0,0.0,D,1819
2018-12-01,Stuttgart,Augsburg,1,0,1.0,0.0,H,1819
2018-12-01,Werder Bremen,Bayern Munich,1,2,1.0,1.0,A,1819
2018-12-02,Ein Frankfurt,Wolfsburg,1,2,0.0,1.0,A,1819
2018-12-02,RB Leipzig,M'gladbach,2,0,2.0,0.0,H,1819
2018-12-03,Nurnberg,Leverkusen,1,1,0.0,1.0,D,1819
2018-12-07,Werder Bremen,Fortuna Dusseldorf,3,1,1.0,1.0,H,1819
2018-12-08,Bayern Munich,Nurnberg,3,0,2.0,0.0,H,1819
2018-12-08,Freiburg,RB Leipzig,3,0,2.0,0.0,H,1819
2018-12-08,Hertha,Ein Frankfurt,1,0,1.0,0.0,H,1819
2018-12-08,Leverkusen,Augsburg,1,0,0.0,0.0,H,1819
2018-12-08,Schalke 04,Dortmund,1,2,0.0,1.0,A,1819
2018-12-08,Wolfsburg,Hoffenheim,2,2,2.0,1.0,D,1819
2018-12-09,Mainz,Hannover,1,1,0.0,1.0,D,1819
2018-12-09,M'gladbach,Stuttgart,3,0,0.0,0.0,H,1819
2018-12-14,Nurnberg,Wolfsburg,0,2,0.0,0.0,A,1819
2018-12-15,Augsburg,Schalke 04,1,1,1.0,0.0,D,1819
2018-12-15,Dortmund,Werder Bremen,2,1,2.0,1.0,H,1819
2018-12-15,Fortuna Dusseldorf,Freiburg,2,0,0.0,0.0,H,1819
2018-12-15,Hannover,Bayern Munich,0,4,0.0,2.0,A,1819
2018-12-15,Hoffenheim,M'gladbach,0,0,0.0,0.0,D,1819
2018-12-15,Stuttgart,Hertha,2,1,0.0,1.0,H,1819
2018-12-16,Ein Frankfurt,Leverkusen,2,1,1.0,0.0,H,1819
2018-12-16,RB Leipzig,Mainz,4,1,2.0,1.0,H,1819
2018-12-18,Fortuna Dusseldorf,Dortmund,2,1,1.0,0.0,H,1819
2018-12-18,Hertha,Augsburg,2,2,2.0,2.0,D,1819
2018-12-18,M'gladbach,Nurnberg,2,0,0.0,0.0,H,1819
2018-12-18,Wolfsburg,Stuttgart,2,0,2.0,0.0,H,1819
2018-12-19,Bayern Munich,RB Leipzig,1,0,0.0,0.0,H,1819
2018-12-19,Freiburg,Hannover,1,1,1.0,1.0,D,1819
2018-12-19,Mainz,Ein Frankfurt,2,2,2.0,2.0,D,1819
2018-12-19,Schalke 04,Leverkusen,1,2,1.0,2.0,A,1819
2018-12-19,Werder Bremen,Hoffenheim,1,1,0.0,1.0,D,1819
2018-12-21,Dortmund,M'gladbach,2,1,1.0,1.0,H,1819
2018-12-22,Ein Frankfurt,Bayern Munich,0,3,0.0,1.0,A,1819
2018-12-22,Hannover,Fortuna Dusseldorf,0,1,0.0,0.0,A,1819
2018-12-22,Leverkusen,Hertha,3,1,2.0,1.0,H,1819
2018-12-22,Nurnberg,Freiburg,0,1,0.0,1.0,A,1819
2018-12-22,RB Leipzig,Werder Bremen,3,2,2.0,0.0,H,1819
2018-12-22,Stuttgart,Schalke 04,1,3,0.0,1.0,A,1819
2018-12-23,Augsburg,Wolfsburg,2,3,0.0,2.0,A,1819
2018-12-23,Hoffenheim,Mainz,1,1,1.0,1.0,D,1819
2019-01-18,Hoffenheim,Bayern Munich,1,3,0.0,2.0,A,1819
2019-01-19,Augsburg,Fortuna Dusseldorf,1,2,0.0,1.0,A,1819
2019-01-19,Ein Frankfurt,Freiburg,3,1,3.0,0.0,H,1819
2019-01-19,Hannover,Werder Bremen,0,1,0.0,1.0,A,1819
2019-01-19,Leverkusen,M'gladbach,0,1,0.0,1.0,A,1819
2019-01-19,RB Leipzig,Dortmund,0,1,0.0,1.0,A,1819
2019-01-19,Stuttgart,Mainz,2,3,0.0,2.0,A,1819
2019-01-20,Nurnberg,Hertha,1,3,1.0,1.0,A,1819
2019-01-20,Schalke 04,Wolfsburg,2,1,1.0,1.0,H,1819
2019-01-25,Hertha,Schalke 04,2,2,2.0,2.0,D,1819
2019-01-26,Dortmund,Hannover,5,1,1.0,0.0,H,1819
2019-01-26,Freiburg,Hoffenheim,2,4,1.0,1.0,A,1819
2019-01-26,Mainz,Nurnberg,2,1,1.0,1.0,H,1819
2019-01-26,M'gladbach,Augsburg,2,0,0.0,0.0,H,1819
2019-01-26,Werder Bremen,Ein Frankfurt,2,2,1.0,1.0,D,1819
2019-01-26,Wolfsburg,Leverkusen,0,3,0.0,1.0,A,1819
2019-01-27,Bayern Munich,Stuttgart,4,1,1.0,1.0,H,1819
2019-01-27,Fortuna Dusseldorf,RB Leipzig,0,4,0.0,3.0,A,1819
2019-02-01,Hannover,RB Leipzig,0,3,0.0,1.0,A,1819
2019-02-02,Ein Frankfurt,Dortmund,1,1,1.0,1.0,D,1819
2019-02-02,Hertha,Wolfsburg,0,1,0.0,0.0,A,1819
2019-02-02,Hoffenheim,Fortuna Dusseldorf,1,1,1.0,0.0,D,1819
2019-02-02,Leverkusen,Bayern Munich,3,1,0.0,1.0,H,1819
2019-02-02,Nurnberg,Werder Bremen,1,1,0.0,0.0,D,1819
2019-02-02,Schalke 04,M'gladbach,0,2,0.0,0.0,A,1819
2019-02-03,Augsburg,Mainz,3,0,2.0,0.0,H,1819
2019-02-03,Stuttgart,Freiburg,2,2,0.0,1.0,D,1819
2019-02-08,Mainz,Leverkusen,1,5,1.0,4.0,A,1819
2019-02-09,Bayern Munich,Schalke 04,3,1,2.0,1.0,H,1819
2019-02-09,Dortmund,Hoffenheim,3,3,2.0,0.0,D,1819
2019-02-09,Freiburg,Wolfsburg,3,3,1.0,1.0,D,1819
2019-02-09,Hannover,Nurnberg,2,0,1.0,0.0,H,1819
2019-02-09,M'gladbach,Hertha,0,3,0.0,1.0,A,1819
2019-02-09,RB Leipzig,Ein Frankfurt,0,0,0.0,0.0,D,1819
2019-02-10,Fortuna Dusseldorf,Stuttgart,3,0,1.0,0.0,H,1819
2019-02-10,Werder Bremen,Augsburg,4,0,3.0,0.0,H,1819
2019-02-15,Augsburg,Bayern Munich,2,3,2.0,2.0,A,1819
2019-02-16,Hertha,Werder Bremen,1,1,1.0,0.0,D,1819
2019-02-16,Hoffenheim,Hannover,3,0,2.0,0.0,H,1819
2019-02-16,Schalke 04,Freiburg,0,0,0.0,0.0,D,1819
2019-02-16,Stuttgart,RB Leipzig,1,3,1.0,1.0,A,1819
2019-02-16,Wolfsburg,Mainz,3,0,1.0,0.0,H,1819
2019-02-17,Ein Frankfurt,M'gladbach,1,1,1.0,0.0,D,1819
2019-02-17,Leverkusen,Fortuna Dusseldorf,2,0,1.0,0.0,H,1819
2019-02-18,Nurnberg,Dortmund,0,0,0.0,0.0,D,1819
2019-02-22,Werder Bremen,Stuttgart,1,1,1.0,1.0,D,1819
2019-02-23,Bayern Munich,Hertha,1,0,0.0,0.0,H,1819
2019-02-23,Fortuna Dusseldorf,Nurnberg,2,1,0.0,1.0,H,1819
2019-02-23,Freiburg,Augsburg,5,1,3.0,0.0,H,1819
2019-02-23,Mainz,Schalke 04,3,0,1.0,0.0,H,1819
2019-02-23,M'gladbach,Wolfsburg,0,3,0.0,1.0,A,1819
2019-02-24,Dortmund,Leverkusen,3,2,2.0,1.0,H,1819
2019-02-24,Hannover,Ein Frankfurt,0,3,0.0,0.0,A,1819
2019-02-25,RB Leipzig,Hoffenheim,1,1,0.0,1.0,D,1819
2019-03-01,Augsburg,Dortmund,2,1,1.0,0.0,H,1819
2019-03-02,Ein Frankfurt,Hoffenheim,3,2,1.0,1.0,H,1819
2019-03-02,Hertha,Mainz,2,1,0.0,0.0,H,1819
2019-03-02,Leverkusen,Freiburg,2,0,1.0,0.0,H,1819
2019-03-02,M'gladbach,Bayern Munich,1,5,1.0,2.0,A,1819
2019-03-02,Nurnberg,RB Leipzig,0,1,0.0,1.0,A,1819
2019-03-02,Schalke 04,Fortuna Dusseldorf,0,4,0.0,1.0,A,1819
2019-03-03,Stuttgart,Hannover,5,1,3.0,0.0,H,1819
2019-03-03,Wolfsburg,Werder Bremen,1,1,0.0,0.0,D,1819
2019-03-08,Werder Bremen,Schalke 04,4,2,1.0,1.0,H,1819
2019-03-09,Bayern Munich,Wolfsburg,6,0,2.0,0.0,H,1819
2019-03-09,Dortmund,Stuttgart,3,1,0.0,0.0,H,1819
2019-03-09,Freiburg,Hertha,2,1,1.0,0.0,H,1819
2019-03-09,Mainz,M'gladbach,0,1,0.0,0.0,A,1819
2019-03-09,RB Leipzig,Augsburg,0,0,0.0,0.0,D,1819
2019-03-10,Hannover,Leverkusen,2,3,0.0,2.0,A,1819
2019-03-10,Hoffenheim,Nurnberg,2,1,1.0,0.0,H,1819
2019-03-11,Fortuna Dusseldorf,Ein Frankfurt,0,3,0.0,0.0,A,1819
2019-03-15,M'gladbach,Freiburg,1,1,1.0,1.0,D,1819
2019-03-16,Augsburg,Hannover,3,1,0.0,1.0,H,1819
2019-03-16,Hertha,Dortmund,2,3,2.0,1.0,A,1819
2019-03-16,Schalke 04,RB Leipzig,0,1,0.0,1.0,A,1819
2019-03-16,Stuttgart,Hoffenheim,1,1,0.0,1.0,D,1819
2019-03-16,Wolfsburg,Fortuna Dusseldorf,5,2,1.0,1.0,H,1819
2019-03-17,Bayern Munich,Mainz,6,0,3.0,0.0,H,1819
2019-03-17,Ein Frankfurt,Nurnberg,1,0,1.0,0.0,H,1819
2019-03-17,Leverkusen,Werder Bremen,1,3,0.0,2.0,A,1819
2019-03-29,Hoffenheim,Leverkusen,4,1,1.0,1.0,H,1819
2019-03-30,Dortmund,Wolfsburg,2,0,0.0,0.0,H,1819
2019-03-30,Fortuna Dusseldorf,M'gladbach,3,1,3.0,0.0,H,1819
2019-03-30,Freiburg,Bayern Munich,1,1,1.0,1.0,D,1819
2019-03-30,Nurnberg,Augsburg,3,0,0.0,0.0,H,1819
2019-03-30,RB Leipzig,Hertha,5,0,2.0,0.0,H,1819
2019-03-30,Werder Bremen,Mainz,3,1,2.0,0.0,H,1819
2019-03-31,Ein Frankfurt,Stuttgart,3,0,1.0,0.0,H,1819
2019-03-31,Hannover,Schalke 04,0,1,0.0,1.0,A,1819
2019-04-05,Mainz,Freiburg,5,0,3.0,0.0,H,1819
2019-04-06,Bayern Munich,Dortmund,5,0,4.0,0.0,H,1819
2019-04-06,Hertha,Fortuna Dusseldorf,1,2,1.0,1.0,A,1819
2019-04-06,Leverkusen,RB Leipzig,2,4,2.0,1.0,A,1819
2019-04-06,Schalke 04,Ein Frankfurt,1,2,1.0,1.0,A,1819
2019-04-06,Stuttgart,Nurnberg,1,1,0.0,1.0,D,1819
2019-04-06,Wolfsburg,Hannover,3,1,1.0,1.0,H,1819
2019-04-07,Augsburg,Hoffenheim,0,4,0.0,1.0,A,1819
2019-04-07,M'gladbach,Werder Bremen,1,1,0.0,0.0,D,1819
2019-04-12,Nurnberg,Schalke 04,1,1,0.0,0.0,D,1819
2019-04-13,Dortmund,Mainz,2,1,2.0,0.0,H,1819
2019-04-13,Hannover,M'gladbach,0,1,0.0,0.0,A,1819
2019-04-13,RB Leipzig,Wolfsburg,2,0,2.0,0.0,H,1819
2019-04-13,Stuttgart,Leverkusen,0,1,0.0,0.0,A,1819
2019-04-13,Werder Bremen,Freiburg,2,1,0.0,0.0,H,1819
2019-04-14,Ein Frankfurt,Augsburg,1,3,1.0,2.0,A,1819
2019-04-14,Fortuna Dusseldorf,Bayern Munich,1,4,0.0,2.0,A,1819
2019-04-14,Hoffenheim,Hertha,2,0,1.0,0.0,H,1819
2019-04-20,Augsburg,Stuttgart,6,0,3.0,0.0,H,1819
2019-04-20,Bayern Munich,Werder Bremen,1,0,0.0,0.0,H,1819
2019-04-20,Leverkusen,Nurnberg,2,0,0.0,0.0,H,1819
2019-04-20,Mainz,Fortuna Dusseldorf,3,1,1.0,1.0,H,1819
2019-04-20,M'gladbach,RB Leipzig,1,2,0.0,1.0,A,1819
2019-04-20,Schalke 04,Hoffenheim,2,5,0.0,2.0,A,1819
2019-04-21,Freiburg,Dortmund,0,4,0.0,1.0,A,1819
2019-04-21,Hertha,Hannover,0,0,0.0,0.0,D,1819
2019-04-22,Wolfsburg,Ein Frankfurt,1,1,0.0,0.0,D,1819
2019-04-26,Augsburg,Leverkusen,1,4,1.0,1.0,A,1819
2019-04-27,Dortmund,Schalke 04,2,4,1.0,2.0,A,1819
2019-04-27,Ein Frankfurt,Hertha,0,0,0.0,0.0,D,1819
2019-04-27,Fortuna Dusseldorf,Werder Bremen,4,1,2.0,1.0,H,1819
2019-04-27,Hannover,Mainz,1,0,0.0,0.0,H,1819
2019-04-27,RB Leipzig,Freiburg,2,1,1.0,0.0,H,1819
2019-04-27,Stuttgart,M'gladbach,1,0,0.0,0.0,H,1819
2019-04-28,Hoffenheim,Wolfsburg,1,4,1.0,1.0,A,1819
2019-04-28,Nurnberg,Bayern Munich,1,1,0.0,0.0,D,1819
2019-05-03,Mainz,RB Leipzig,3,3,1.0,2.0,D,1819
2019-05-04,Bayern Munich,Hannover,3,1,2.0,0.0,H,1819
2019-05-04,Hertha,Stuttgart,3,1,2.0,0.0,H,1819
2019-05-04,M'gladbach,Hoffenheim,2,2,0.0,1.0,D,1819
2019-05-04,Werder Bremen,Dortmund,2,2,0.0,2.0,D,1819
2019-05-04,Wolfsburg,Nurnberg,2,0,1.0,0.0,H,1819
2019-05-05,Freiburg,Fortuna Dusseldorf,1,1,1.0,1.0,D,1819
2019-05-05,Leverkusen,Ein Frankfurt,6,1,6.0,1.0,H,1819
2019-05-05,Schalke 04,Augsburg,0,0,0.0,0.0,D,1819
2019-05-11,Augsburg,Hertha,3,4,1.0,0.0,A,1819
2019-05-11,Dortmund,Fortuna Dusseldorf,3,2,1.0,0.0,H,1819
2019-05-11,Hannover,Freiburg,3,0,1.0,0.0,H,1819
2019-05-11,Hoffenheim,Werder Bremen,0,1,0.0,1.0,A,1819
2019-05-11,Leverkusen,Schalke 04,1,1,1.0,0.0,D,1819
2019-05-11,Nurnberg,M'gladbach,0,4,0.0,0.0,A,1819
2019-05-11,RB Leipzig,Bayern Munich,0,0,0.0,0.0,D,1819
2019-05-11,Stuttgart,Wolfsburg,3,0,1.0,0.0,H,1819
2019-05-12,Ein Frankfurt,Mainz,0,2,0.0,0.0,A,1819
2019-05-18,Bayern Munich,Ein Frankfurt,5,1,1.0,0.0,H,1819
2019-05-18,Fortuna Dusseldorf,Hannover,2,1,0.0,0.0,H,1819
2019-05-18,Freiburg,Nurnberg,5,1,2.0,0.0,H,1819
2019-05-18,Hertha,Leverkusen,1,5,1.0,2.0,A,1819
2019-05-18,Mainz,Hoffenheim,4,2,0.0,2.0,H,1819
2019-05-18,M'gladbach,Dortmund,0,2,0.0,1.0,A,1819
2019-05-18,Schalke 04,Stuttgart,0,0,0.0,0.0,D,1819
2019-05-18,Werder Bremen,RB Leipzig,2,1,1.0,0.0,H,1819
2019-05-18,Wolfsburg,Augsburg,8,1,3.0,0.0,H,1819
2019-08-16,Bayern Munich,Hertha,2,2,1.0,2.0,D,1920
2019-08-17,Dortmund,Augsburg,5,1,1.0,1.0,H,1920
2019-08-17,Freiburg,Mainz,3,0,0.0,0.0,H,1920
2019-08-17,Leverkusen,Paderborn,3,2,2.0,2.0,H,1920
2019-08-17,Werder Bremen,Fortuna Dusseldorf,1,3,0.0,1.0,A,1920
2019-08-17,Wolfsburg,FC Koln,2,1,1.0,0.0,H,1920
2019-08-17,M'gladbach,Schalke 04,0,0,0.0,0.0,D,1920
2019-08-18,Ein Frankfurt,Hoffenheim,1,0,1.0,0.0,H,1920
2019-08-18,Union Berlin,RB Leipzig,0,4,0.0,3.0,A,1920
2019-08-23,FC Koln,Dortmund,1,3,1.0,0.0,A,1920
2019-08-24,Augsburg,Union Berlin,1,1,0.0,0.0,D,1920
2019-08-24,Fortuna Dusseldorf,Leverkusen,1,3,0.0,3.0,A,1920
2019-08-24,Hoffenheim,Werder Bremen,3,2,0.0,1.0,H,1920
2019-08-24,Mainz,M'gladbach,1,3,1.0,1.0,A,1920
2019-08-24,Paderborn,Freiburg,1,3,1.0,2.0,A,1920
2019-08-24,Schalke 04,Bayern Munich,0,3,0.0,1.0,A,1920
2019-08-25,RB Leipzig,Ein Frankfurt,2,1,1.0,0.0,H,1920
2019-08-25,Hertha,Wolfsburg,0,3,0.0,1.0,A,1920
2019-08-30,M'gladbach,RB Leipzig,1,3,0.0,1.0,A,1920
2019-08-31,Bayern Munich,Mainz,6,1,2.0,1.0,H,1920
2019-08-31,Freiburg,FC Koln,1,2,1.0,0.0,A,1920
2019-08-31,Leverkusen,Hoffenheim,0,0,0.0,0.0,D,1920
2019-08-31,Schalke 04,Hertha,3,0,1.0,0.0,H,1920
2019-08-31,Wolfsburg,Paderborn,1,1,0.0,1.0,D,1920
2019-08-31,Union Berlin,Dortmund,3,1,1.0,1.0,H,1920
2019-09-01,Werder Bremen,Augsburg,3,2,2.0,1.0,H,1920
2019-09-01,Ein Frankfurt,Fortuna Dusseldorf,2,1,0.0,1.0,H,1920
2019-09-13,Fortuna Dusseldorf,Wolfsburg,1,1,1.0,1.0,D,1920
2019-09-14,Augsburg,Ein Frankfurt,2,1,2.0,0.0,H,1920
2019-09-14,Dortmund,Leverkusen,4,0,1.0,0.0,H,1920
2019-09-14,FC Koln,M'gladbach,0,1,0.0,1.0,A,1920
2019-09-14,Mainz,Hertha,2,1,1.0,0.0,H,1920
2019-09-14,Union Berlin,Werder Bremen,1,2,1.0,1.0,A,1920
2019-09-14,RB Leipzig,Bayern Munich,1,1,1.0,1.0,D,1920
2019-09-15,Hoffenheim,Freiburg,0,3,0.0,2.0,A,1920
2019-09-15,Paderborn,Schalke 04,1,5,1.0,1.0,A,1920
2019-09-20,Schalke 04,Mainz,2,1,1.0,0.0,H,1920
2019-09-21,Bayern Munich,FC Koln,4,0,1.0,0.0,H,1920
2019-09-21,Freiburg,Augsburg,1,1,1.0,1.0,D,1920
2019-09-21,Hertha,Paderborn,2,1,1.0,0.0,H,1920
2019-09-21,Leverkusen,Union Berlin,2,0,2.0,0.0,H,1920
2019-09-21,Werder Bremen,RB Leipzig,0,3,0.0,2.0,A,1920
2019-09-22,M'gladbach,Fortuna Dusseldorf,2,1,0.0,1.0,H,1920
2019-09-22,Ein Frankfurt,Dortmund,2,2,1.0,1.0,D,1920
2019-09-23,Wolfsburg,Hoffenheim,1,1,1.0,1.0,D,1920
2019-09-27,Union Berlin,Ein Frankfurt,1,2,0.0,0.0,A,1920
2019-09-28,Augsburg,Leverkusen,0,3,0.0,1.0,A,1920
2019-09-28,Hoffenheim,M'gladbach,0,3,0.0,1.0,A,1920
2019-09-28,Mainz,Wolfsburg,0,1,0.0,1.0,A,1920
2019-09-28,Paderborn,Bayern Munich,2,3,0.0,1.0,A,1920
2019-09-28,RB Leipzig,Schalke 04,1,3,0.0,2.0,A,1920
2019-09-28,Dortmund,Werder Bremen,2,2,2.0,1.0,D,1920
2019-09-29,Fortuna Dusseldorf,Freiburg,1,2,1.0,1.0,A,1920
2019-09-29,FC Koln,Hertha,0,4,0.0,1.0,A,1920
2019-10-04,Hertha,Fortuna Dusseldorf,3,1,2.0,1.0,H,1920
2019-10-05,Bayern Munich,Hoffenheim,1,2,0.0,0.0,A,1920
2019-10-05,Freiburg,Dortmund,2,2,0.0,1.0,D,1920
2019-10-05,Leverkusen,RB Leipzig,1,1,0.0,0.0,D,1920
2019-10-05,Paderborn,Mainz,1,2,1.0,2.0,A,1920
2019-10-05,Schalke 04,FC Koln,1,1,0.0,0.0,D,1920
2019-10-06,M'gladbach,Augsburg,5,1,4.0,0.0,H,1920
2019-10-06,Wolfsburg,Union Berlin,1,0,0.0,0.0,H,1920
2019-10-06,Ein Frankfurt,Werder Bremen,2,2,0.0,1.0,D,1920
2019-10-18,Ein Frankfurt,Leverkusen,3,0,2.0,0.0,H,1920
2019-10-19,Augsburg,Bayern Munich,2,2,1.0,1.0,D,1920
2019-10-19,Fortuna Dusseldorf,Mainz,1,0,0.0,0.0,H,1920
2019-10-19,RB Leipzig,Wolfsburg,1,1,0.0,0.0,D,1920
2019-10-19,Union Berlin,Freiburg,2,0,1.0,0.0,H,1920
2019-10-19,Werder Bremen,Hertha,1,1,1.0,0.0,D,1920
2019-10-19,Dortmund,M'gladbach,1,0,0.0,0.0,H,1920
2019-10-20,FC Koln,Paderborn,3,0,1.0,0.0,H,1920
2019-10-20,Hoffenheim,Schalke 04,2,0,0.0,0.0,H,1920
2019-10-25,Mainz,FC Koln,3,1,1.0,1.0,H,1920
2019-10-26,Bayern Munich,Union Berlin,2,1,1.0,0.0,H,1920
2019-10-26,Freiburg,RB Leipzig,2,1,1.0,0.0,H,1920
2019-10-26,Hertha,Hoffenheim,2,3,0.0,2.0,A,1920
2019-10-26,Paderborn,Fortuna Dusseldorf,2,0,1.0,0.0,H,1920
2019-10-26,Schalke 04,Dortmund,0,0,0.0,0.0,D,1920
2019-10-26,Leverkusen,Werder Bremen,2,2,1.0,1.0,D,1920
2019-10-27,Wolfsburg,Augsburg,0,0,0.0,0.0,D,1920
2019-10-27,M'gladbach,Ein Frankfurt,4,2,2.0,0.0,H,1920
2019-11-01,Hoffenheim,Paderborn,3,0,3.0,0.0,H,1920
2019-11-02,Dortmund,Wolfsburg,3,0,0.0,0.0,H,1920
2019-11-02,Ein Frankfurt,Bayern Munich,5,1,2.0,1.0,H,1920
2019-11-02,Leverkusen,M'gladbach,1,2,1.0,2.0,A,1920
2019-11-02,RB Leipzig,Mainz,8,0,5.0,0.0,H,1920
2019-11-02,Werder Bremen,Freiburg,2,2,1.0,1.0,D,1920
2019-11-02,Union Berlin,Hertha,1,0,0.0,0.0,H,1920
2019-11-03,Fortuna Dusseldorf,FC Koln,2,0,1.0,0.0,H,1920
2019-11-03,Augsburg,Schalke 04,2,3,1.0,1.0,A,1920
2019-11-08,FC Koln,Hoffenheim,1,2,1.0,0.0,A,1920
2019-11-09,Hertha,RB Leipzig,2,4,1.0,2.0,A,1920
2019-11-09,Mainz,Union Berlin,2,3,0.0,2.0,A,1920
2019-11-09,Paderborn,Augsburg,0,1,0.0,1.0,A,1920
2019-11-09,Schalke 04,Fortuna Dusseldorf,3,3,1.0,0.0,D,1920
2019-11-09,Bayern Munich,Dortmund,4,0,1.0,0.0,H,1920
2019-11-10,M'gladbach,Werder Bremen,3,1,2.0,0.0,H,1920
2019-11-10,Wolfsburg,Leverkusen,0,2,0.0,1.0,A,1920
2019-11-10,Freiburg,Ein Frankfurt,1,0,0.0,0.0,H,1920
2019-11-22,Dortmund,Paderborn,3,3,0.0,3.0,D,1920
2019-11-23,Ein Frankfurt,Wolfsburg,0,2,0.0,1.0,A,1920
2019-11-23,Fortuna Dusseldorf,Bayern Munich,0,4,0.0,3.0,A,1920
2019-11-23,Leverkusen,Freiburg,1,1,1.0,1.0,D,1920
2019-11-23,Union Berlin,M'gladbach,2,0,1.0,0.0,H,1920
2019-11-23,Werder Bremen,Schalke 04,1,2,0.0,1.0,A,1920
2019-11-23,RB Leipzig,FC Koln,4,1,3.0,1.0,H,1920
2019-11-24,Augsburg,Hertha,4,0,2.0,0.0,H,1920
2019-11-24,Hoffenheim,Mainz,1,5,0.0,1.0,A,1920
2019-11-29,Schalke 04,Union Berlin,2,1,1.0,1.0,H,1920
2019-11-30,FC Koln,Augsburg,1,1,0.0,1.0,D,1920
2019-11-30,Hertha,Dortmund,1,2,1.0,2.0,A,1920
2019-11-30,Hoffenheim,Fortuna Dusseldorf,1,1,1.0,0.0,D,1920
2019-11-30,Paderborn,RB Leipzig,2,3,0.0,3.0,A,1920
2019-11-30,Bayern Munich,Leverkusen,1,2,1.0,2.0,A,1920
2019-12-01,M'gladbach,Freiburg,4,2,1.0,1.0,H,1920
2019-12-01,Wolfsburg,Werder Bremen,2,3,1.0,2.0,A,1920
2019-12-02,Mainz,Ein Frankfurt,2,1,0.0,1.0,H,1920
2019-12-06,Ein Frankfurt,Hertha,2,2,0.0,1.0,D,1920
2019-12-07,Augsburg,Mainz,2,1,1.0,1.0,H,1920
2019-12-07,Dortmund,Fortuna Dusseldorf,5,0,1.0,0.0,H,1920
2019-12-07,Freiburg,Wolfsburg,1,0,0.0,0.0,H,1920
2019-12-07,M'gladbach,Bayern Munich,2,1,0.0,0.0,H,1920
2019-12-07,RB Leipzig,Hoffenheim,3,1,1.0,0.0,H,1920
2019-12-07,Leverkusen,Schalke 04,2,1,1.0,0.0,H,1920
2019-12-08,Union Berlin,FC Koln,2,0,1.0,0.0,H,1920
2019-12-08,Werder Bremen,Paderborn,0,1,0.0,0.0,A,1920
2019-12-13,Hoffenheim,Augsburg,2,4,1.0,1.0,A,1920
2019-12-14,Bayern Munich,Werder Bremen,6,1,2.0,1.0,H,1920
2019-12-14,FC Koln,Leverkusen,2,0,0.0,0.0,H,1920
2019-12-14,Hertha,Freiburg,1,0,0.0,0.0,H,1920
2019-12-14,Mainz,Dortmund,0,4,0.0,1.0,A,1920
2019-12-14,Paderborn,Union Berlin,1,1,1.0,1.0,D,1920
2019-12-14,Fortuna Dusseldorf,RB Leipzig,0,3,0.0,1.0,A,1920
2019-12-15,Wolfsburg,M'gladbach,2,1,1.0,1.0,H,1920
2019-12-15,Schalke 04,Ein Frankfurt,1,0,0.0,0.0,H,1920
2019-12-17,Werder Bremen,Mainz,0,5,0.0,4.0,A,1920
2019-12-17,Augsburg,Fortuna Dusseldorf,3,0,1.0,0.0,H,1920
2019-12-17,Dortmund,RB Leipzig,3,3,2.0,0.0,D,1920
2019-12-17,Union Berlin,Hoffenheim,0,2,0.0,0.0,A,1920
2019-12-18,Leverkusen,Hertha,0,1,0.0,0.0,A,1920
2019-12-18,Ein Frankfurt,FC Koln,2,4,2.0,1.0,A,1920
2019-12-18,Freiburg,Bayern Munich,1,3,0.0,1.0,A,1920
2019-12-18,M'gladbach,Paderborn,2,0,0.0,0.0,H,1920
2019-12-18,Wolfsburg,Schalke 04,1,1,0.0,0.0,D,1920
2019-12-20,Hoffenheim,Dortmund,2,1,0.0,1.0,H,1920
2019-12-21,Bayern Munich,Wolfsburg,2,0,0.0,0.0,H,1920
2019-12-21,FC Koln,Werder Bremen,1,0,1.0,0.0,H,1920
2019-12-21,Mainz,Leverkusen,0,1,0.0,0.0,A,1920
2019-12-21,RB Leipzig,Augsburg,3,1,0.0,1.0,H,1920
2019-12-21,Schalke 04,Freiburg,2,2,1.0,0.0,D,1920
2019-12-21,Hertha,M'gladbach,0,0,0.0,0.0,D,1920
2019-12-22,Fortuna Dusseldorf,Union Berlin,2,1,1.0,0.0,H,1920
2019-12-22,Paderborn,Ein Frankfurt,2,1,2.0,0.0,H,1920
2020-01-17,Schalke 04,M'gladbach,2,0,0.0,0.0,H,1920
2020-01-18,Augsburg,Dortmund,3,5,1.0,0.0,A,1920
2020-01-18,FC Koln,Wolfsburg,3,1,2.0,0.0,H,1920
2020-01-18,Fortuna Dusseldorf,Werder Bremen,0,1,0.0,0.0,A,1920
2020-01-18,Hoffenheim,Ein Frankfurt,1,2,0.0,1.0,A,1920
2020-01-18,Mainz,Freiburg,1,2,0.0,2.0,A,1920
2020-01-18,RB Leipzig,Union Berlin,3,1,0.0,1.0,H,1920
2020-01-19,Hertha,Bayern Munich,0,4,0.0,0.0,A,1920
2020-01-19,Paderborn,Leverkusen,1,4,0.0,3.0,A,1920
2020-01-24,Dortmund,FC Koln,5,1,2.0,0.0,H,1920
2020-01-25,Ein Frankfurt,RB Leipzig,2,0,0.0,0.0,H,1920
2020-01-25,Freiburg,Paderborn,0,2,0.0,0.0,A,1920
2020-01-25,M'gladbach,Mainz,3,1,1.0,1.0,H,1920
2020-01-25,Union Berlin,Augsburg,2,0,0.0,0.0,H,1920
2020-01-25,Wolfsburg,Hertha,1,2,0.0,0.0,A,1920
2020-01-25,Bayern Munich,Schalke 04,5,0,2.0,0.0,H,1920
2020-01-26,Werder Bremen,Hoffenheim,0,3,0.0,0.0,A,1920
2020-01-26,Leverkusen,Fortuna Dusseldorf,3,0,1.0,0.0,H,1920
2020-01-31,Hertha,Schalke 04,0,0,0.0,0.0,D,1920
2020-02-01,Augsburg,Werder Bremen,2,1,0.0,1.0,H,1920
2020-02-01,Dortmund,Union Berlin,5,0,2.0,0.0,H,1920
2020-02-01,Fortuna Dusseldorf,Ein Frankfurt,1,1,0.0,0.0,D,1920
2020-02-01,Hoffenheim,Leverkusen,2,1,1.0,1.0,H,1920
2020-02-01,Mainz,Bayern Munich,1,3,1.0,3.0,A,1920
2020-02-01,RB Leipzig,M'gladbach,2,2,0.0,2.0,D,1920
2020-02-02,FC Koln,Freiburg,4,0,1.0,0.0,H,1920
2020-02-02,Paderborn,Wolfsburg,2,4,1.0,2.0,A,1920
2020-02-07,Ein Frankfurt,Augsburg,5,0,1.0,0.0,H,1920
2020-02-08,Freiburg,Hoffenheim,1,0,1.0,0.0,H,1920
2020-02-08,Hertha,Mainz,1,3,0.0,1.0,A,1920
2020-02-08,Schalke 04,Paderborn,1,1,0.0,0.0,D,1920
2020-02-08,Werder Bremen,Union Berlin,0,2,0.0,0.0,A,1920
2020-02-08,Wolfsburg,Fortuna Dusseldorf,1,1,0.0,1.0,D,1920
2020-02-08,Leverkusen,Dortmund,4,3,2.0,2.0,H,1920
2020-02-09,Bayern Munich,RB Leipzig,0,0,0.0,0.0,D,1920
2020-02-14,Dortmund,Ein Frankfurt,4,0,1.0,0.0,H,1920
2020-02-15,Augsburg,Freiburg,1,1,1.0,0.0,D,1920
2020-02-15,Hoffenheim,Wolfsburg,2,3,1.0,1.0,A,1920
2020-02-15,Paderborn,Hertha,1,2,0.0,1.0,A,1920
2020-02-15,RB Leipzig,Werder Bremen,3,0,2.0,0.0,H,1920
2020-02-15,Union Berlin,Leverkusen,2,3,1.0,1.0,A,1920
2020-02-15,Fortuna Dusseldorf,M'gladbach,1,4,1.0,1.0,A,1920
2020-02-16,FC Koln,Bayern Munich,1,4,0.0,3.0,A,1920
2020-02-16,Mainz,Schalke 04,0,0,0.0,0.0,D,1920
2020-02-21,Bayern Munich,Paderborn,3,2,1.0,1.0,H,1920
2020-02-22,Freiburg,Fortuna Dusseldorf,0,2,0.0,1.0,A,1920
2020-02-22,Hertha,FC Koln,0,5,0.0,3.0,A,1920
2020-02-22,M'gladbach,Hoffenheim,1,1,1.0,0.0,D,1920
2020-02-22,Werder Bremen,Dortmund,0,2,0.0,0.0,A,1920
2020-02-22,Schalke 04,RB Leipzig,0,5,0.0,1.0,A,1920
2020-02-23,Leverkusen,Augsburg,2,0,1.0,0.0,H,1920
2020-02-23,Wolfsburg,Mainz,4,0,2.0,0.0,H,1920
2020-02-24,Ein Frankfurt,Union Berlin,1,2,0.0,0.0,A,1920
2020-02-28,Fortuna Dusseldorf,Hertha,3,3,3.0,0.0,D,1920
2020-02-29,Augsburg,M'gladbach,2,3,0.0,0.0,A,1920
2020-02-29,Dortmund,Freiburg,1,0,1.0,0.0,H,1920
2020-02-29,Hoffenheim,Bayern Munich,0,6,0.0,4.0,A,1920
2020-02-29,Mainz,Paderborn,2,0,2.0,0.0,H,1920
2020-02-29,FC Koln,Schalke 04,3,0,2.0,0.0,H,1920
2020-03-01,Union Berlin,Wolfsburg,2,2,1.0,0.0,D,1920
2020-03-01,RB Leipzig,Leverkusen,1,1,1.0,1.0,D,1920
2020-03-06,Paderborn,FC Koln,1,2,0.0,2.0,A,1920
2020-03-07,Freiburg,Union Berlin,3,1,1.0,0.0,H,1920
2020-03-07,Hertha,Werder Bremen,2,2,1.0,2.0,D,1920
2020-03-07,Leverkusen,Ein Frankfurt,4,0,2.0,0.0,H,1920
2020-03-07,Schalke 04,Hoffenheim,1,1,1.0,0.0,D,1920
2020-03-07,Wolfsburg,RB Leipzig,0,0,0.0,0.0,D,1920
2020-03-07,M'gladbach,Dortmund,1,2,0.0,1.0,A,1920
2020-03-08,Bayern Munich,Augsburg,2,0,0.0,0.0,H,1920
2020-03-08,Mainz,Fortuna Dusseldorf,1,1,0.0,0.0,D,1920
2020-03-11,M'gladbach,FC Koln,2,1,1.0,0.0,H,1920
2020-05-16,Augsburg,Wolfsburg,1,2,0.0,1.0,A,1920
2020-05-16,Dortmund,Schalke 04,4,0,2.0,0.0,H,1920
2020-05-16,Fortuna Dusseldorf,Paderborn,0,0,0.0,0.0,D,1920
2020-05-16,Hoffenheim,Hertha,0,3,0.0,0.0,A,1920
2020-05-16,RB Leipzig,Freiburg,1,1,0.0,1.0,D,1920
2020-05-16,Ein Frankfurt,M'gladbach,1,3,0.0,2.0,A,1920
2020-05-17,FC Koln,Mainz,2,2,1.0,0.0,D,1920
2020-05-17,Union Berlin,Bayern Munich,0,2,0.0,1.0,A,1920
2020-05-18,Werder Bremen,Leverkusen,1,4,1.0,2.0,A,1920
2020-05-22,Hertha,Union Berlin,4,0,0.0,0.0,H,1920
2020-05-23,Freiburg,Werder Bremen,0,1,0.0,1.0,A,1920
2020-05-23,M'gladbach,Leverkusen,1,3,0.0,1.0,A,1920
2020-05-23,Paderborn,Hoffenheim,1,1,1.0,1.0,D,1920
2020-05-23,Wolfsburg,Dortmund,0,2,0.0,1.0,A,1920
2020-05-23,Bayern Munich,Ein Frankfurt,5,2,2.0,0.0,H,1920
2020-05-24,Schalke 04,Augsburg,0,3,0.0,1.0,A,1920
2020-05-24,Mainz,RB Leipzig,0,5,0.0,3.0,A,1920
2020-05-24,FC Koln,Fortuna Dusseldorf,2,2,0.0,1.0,D,1920
2020-05-26,Dortmund,Bayern Munich,0,1,0.0,1.0,A,1920
2020-05-26,Ein Frankfurt,Freiburg,3,3,1.0,1.0,D,1920
2020-05-26,Leverkusen,Wolfsburg,1,4,0.0,1.0,A,1920
2020-05-26,Werder Bremen,M'gladbach,0,0,0.0,0.0,D,1920
2020-05-27,RB Leipzig,Hertha,2,2,1.0,1.0,D,1920
2020-05-27,Augsburg,Paderborn,0,0,0.0,0.0,D,1920
2020-05-27,Fortuna Dusseldorf,Schalke 04,2,1,0.0,0.0,H,1920
2020-05-27,Hoffenheim,FC Koln,3,1,1.0,0.0,H,1920
2020-05-27,Union Berlin,Mainz,1,1,1.0,1.0,D,1920
2020-05-29,Freiburg,Leverkusen,0,1,0.0,0.0,A,1920
2020-05-30,Hertha,Augsburg,2,0,1.0,0.0,H,1920
2020-05-30,Mainz,Hoffenheim,0,1,0.0,1.0,A,1920
2020-05-30,Schalke 04,Werder Bremen,0,1,0.0,1.0,A,1920
2020-05-30,Wolfsburg,Ein Frankfurt,1,2,0.0,1.0,A,1920
2020-05-30,Bayern Munich,Fortuna Dusseldorf,5,0,3.0,0.0,H,1920
2020-05-31,M'gladbach,Union Berlin,4,1,2.0,0.0,H,1920
2020-05-31,Paderborn,Dortmund,1,6,0.0,0.0,A,1920
2020-06-01,FC Koln,RB Leipzig,2,4,1.0,2.0,A,1920
2020-06-03,Werder Bremen,Ein Frankfurt,0,3,0.0,0.0,A,1920
2020-06-05,Freiburg,M'gladbach,1,0,0.0,0.0,H,1920
2020-06-06,Ein Frankfurt,Mainz,0,2,0.0,1.0,A,1920
2020-06-06,Fortuna Dusseldorf,Hoffenheim,2,2,1.0,1.0,D,1920
2020-06-06,Leverkusen,Bayern Munich,2,4,1.0,3.0,A,1920
2020-06-06,RB Leipzig,Paderborn,1,1,1.0,0.0,D,1920
2020-06-06,Dortmund,Hertha,1,0,0.0,0.0,H,1920
2020-06-07,Werder Bremen,Wolfsburg,0,1,0.0,0.0,A,1920
2020-06-07,Union Berlin,Schalke 04,1,1,1.0,1.0,D,1920
2020-06-07,Augsburg,FC Koln,1,1,0.0,0.0,D,1920
2020-06-12,Hoffenheim,RB Leipzig,0,2,0.0,2.0,A,1920
2020-06-13,FC Koln,Union Berlin,1,2,0.0,1.0,A,1920
2020-06-13,Fortuna Dusseldorf,Dortmund,0,1,0.0,0.0,A,1920
2020-06-13,Hertha,Ein Frankfurt,1,4,1.0,0.0,A,1920
2020-06-13,Paderborn,Werder Bremen,1,5,0.0,3.0,A,1920
2020-06-13,Wolfsburg,Freiburg,2,2,2.0,1.0,D,1920
2020-06-13,Bayern Munich,M'gladbach,2,1,1.0,1.0,H,1920
2020-06-14,Mainz,Augsburg,0,1,0.0,1.0,A,1920
2020-06-14,Schalke 04,Leverkusen,1,1,0.0,0.0,D,1920
2020-06-16,M'gladbach,Wolfsburg,3,0,2.0,0.0,H,1920
2020-06-16,Freiburg,Hertha,2,1,0.0,0.0,H,1920
2020-06-16,Union Berlin,Paderborn,1,0,1.0,0.0,H,1920
2020-06-16,Werder Bremen,Bayern Munich,0,1,0.0,1.0,A,1920
2020-06-17,Ein Frankfurt,Schalke 04,2,1,1.0,0.0,H,1920
2020-06-17,Augsburg,Hoffenheim,1,3,0.0,0.0,A,1920
2020-06-17,Dortmund,Mainz,0,2,0.0,1.0,A,1920
2020-06-17,Leverkusen,FC Koln,3,1,2.0,0.0,H,1920
2020-06-17,RB Leipzig,Fortuna Dusseldorf,2,2,0.0,0.0,D,1920
2020-06-20,Bayern Munich,Freiburg,3,1,3.0,1.0,H,1920
2020-06-20,FC Koln,Ein Frankfurt,1,1,1.0,0.0,D,1920
2020-06-20,Fortuna Dusseldorf,Augsburg,1,1,1.0,1.0,D,1920
2020-06-20,Hertha,Leverkusen,2,0,1.0,0.0,H,1920
2020-06-20,Hoffenheim,Union Berlin,4,0,3.0,0.0,H,1920
2020-06-20,Mainz,Werder Bremen,3,1,2.0,0.0,H,1920
2020-06-20,Paderborn,M'gladbach,1,3,0.0,1.0,A,1920
2020-06-20,RB Leipzig,Dortmund,0,2,0.0,1.0,A,1920
2020-06-20,Schalke 04,Wolfsburg,1,4,0.0,1.0,A,1920
2020-06-27,Augsburg,RB Leipzig,1,2,0.0,1.0,A,1920
2020-06-27,Dortmund,Hoffenheim,0,4,0.0,2.0,A,1920
2020-06-27,Ein Frankfurt,Paderborn,3,2,2.0,0.0,H,1920
2020-06-27,Freiburg,Schalke 04,4,0,2.0,0.0,H,1920
2020-06-27,Leverkusen,Mainz,1,0,1.0,0.0,H,1920
2020-06-27,M'gladbach,Hertha,2,1,1.0,0.0,H,1920
2020-06-27,Union Berlin,Fortuna Dusseldorf,3,0,1.0,0.0,H,1920
2020-06-27,Werder Bremen,FC Koln,6,1,3.0,0.0,H,1920
2020-06-27,Wolfsburg,Bayern Munich,0,4,0.0,2.0,A,1920
2020-09-18,Bayern Munich,Schalke 04,8,0,3.0,0.0,H,2021
2020-09-19,Ein Frankfurt,Bielefeld,1,1,0.0,0.0,D,2021
2020-09-19,FC Koln,Hoffenheim,2,3,1.0,2.0,A,2021
2020-09-19,Stuttgart,Freiburg,2,3,0.0,2.0,A,2021
2020-09-19,Union Berlin,Augsburg,1,3,0.0,1.0,A,2021
2020-09-19,Werder Bremen,Hertha,1,4,0.0,2.0,A,2021
2020-09-19,Dortmund,M'gladbach,3,0,1.0,0.0,H,2021
2020-09-20,RB Leipzig,Mainz,3,1,2.0,0.0,H,2021
2020-09-20,Wolfsburg,Leverkusen,0,0,0.0,0.0,D,2021
2020-09-25,Hertha,Ein Frankfurt,1,3,0.0,2.0,A,2021
2020-09-26,Augsburg,Dortmund,2,0,1.0,0.0,H,2021
2020-09-26,Bielefeld,FC Koln,1,0,0.0,0.0,H,2021
2020-09-26,Leverkusen,RB Leipzig,1,1,1.0,1.0,D,2021
2020-09-26,Mainz,Stuttgart,1,4,1.0,1.0,A,2021
2020-09-26,M'gladbach,Union Berlin,1,1,0.0,0.0,D,2021
2020-09-26,Schalke 04,Werder Bremen,1,3,0.0,2.0,A,2021
2020-09-27,Hoffenheim,Bayern Munich,4,1,2.0,1.0,H,2021
2020-09-27,Freiburg,Wolfsburg,1,1,1.0,1.0,D,2021
2020-10-02,Union Berlin,Mainz,4,0,1.0,0.0,H,2021
2020-10-03,Dortmund,Freiburg,4,0,1.0,0.0,H,2021
2020-10-03,Ein Frankfurt,Hoffenheim,2,1,0.0,1.0,H,2021
2020-10-03,FC Koln,M'gladbach,1,3,0.0,2.0,A,2021
2020-10-03,Stuttgart,Leverkusen,1,1,0.0,1.0,D,2021
2020-10-03,Werder Bremen,Bielefeld,1,0,1.0,0.0,H,2021
2020-10-03,RB Leipzig,Schalke 04,4,0,3.0,0.0,H,2021
2020-10-04,Wolfsburg,Augsburg,0,0,0.0,0.0,D,2021
2020-10-04,Bayern Munich,Hertha,4,3,1.0,0.0,H,2021
2020-10-17,Augsburg,RB Leipzig,0,2,0.0,1.0,A,2021
2020-10-17,Freiburg,Werder Bremen,1,1,1.0,1.0,D,2021
2020-10-17,Hertha,Stuttgart,0,2,0.0,1.0,A,2021
2020-10-17,Hoffenheim,Dortmund,0,1,0.0,0.0,A,2021
2020-10-17,Mainz,Leverkusen,0,1,0.0,1.0,A,2021
2020-10-17,Bielefeld,Bayern Munich,1,4,0.0,3.0,A,2021
2020-10-17,M'gladbach,Wolfsburg,1,1,0.0,0.0,D,2021
2020-10-18,FC Koln,Ein Frankfurt,1,1,0.0,1.0,D,2021
2020-10-18,Schalke 04,Union Berlin,1,1,0.0,0.0,D,2021
2020-10-23,Stuttgart,FC Koln,1,1,1.0,1.0,D,2021
2020-10-24,Bayern Munich,Ein Frankfurt,5,0,2.0,0.0,H,2021
2020-10-24,Mainz,M'gladbach,2,3,2.0,1.0,A,2021
2020-10-24,RB Leipzig,Hertha,2,1,1.0,1.0,H,2021
2020-10-24,Union Berlin,Freiburg,1,1,1.0,1.0,D,2021
2020-10-24,Dortmund,Schalke 04,3,0,0.0,0.0,H,2021
2020-10-25,Wolfsburg,Bielefeld,2,1,2.0,0.0,H,2021
2020-10-25,Werder Bremen,Hoffenheim,1,1,1.0,1.0,D,2021
2020-10-26,Leverkusen,Augsburg,3,1,1.0,0.0,H,2021
2020-10-30,Schalke 04,Stuttgart,1,1,1.0,0.0,D,2021
2020-10-31,Augsburg,Mainz,3,1,1.0,0.0,H,2021
2020-10-31,Bielefeld,Dortmund,0,2,0.0,0.0,A,2021
2020-10-31,Ein Frankfurt,Werder Bremen,1,1,0.0,0.0,D,2021
2020-10-31,FC Koln,Bayern Munich,1,2,0.0,2.0,A,2021
2020-10-31,M'gladbach,RB Leipzig,1,0,0.0,0.0,H,2021
2020-11-01,Freiburg,Leverkusen,2,4,1.0,2.0,A,2021
2020-11-01,Hertha,Wolfsburg,1,1,1.0,1.0,D,2021
2020-11-02,Hoffenheim,Union Berlin,1,3,0.0,0.0,A,2021
2020-11-06,Werder Bremen,FC Koln,1,1,0.0,0.0,D,2021
2020-11-07,Augsburg,Hertha,0,3,0.0,1.0,A,2021
2020-11-07,Mainz,Schalke 04,2,2,2.0,1.0,D,2021
2020-11-07,RB Leipzig,Freiburg,3,0,1.0,0.0,H,2021
2020-11-07,Stuttgart,Ein Frankfurt,2,2,2.0,0.0,D,2021
2020-11-07,Union Berlin,Bielefeld,5,0,3.0,0.0,H,2021
2020-11-07,Dortmund,Bayern Munich,2,3,1.0,1.0,A,2021
2020-11-08,Wolfsburg,Hoffenheim,2,1,2.0,0.0,H,2021
2020-11-08,Leverkusen,M'gladbach,4,3,2.0,2.0,H,2021
2020-11-21,Bayern Munich,Werder Bremen,1,1,0.0,1.0,D,2021
2020-11-21,Bielefeld,Leverkusen,1,2,0.0,1.0,A,2021
2020-11-21,Hoffenheim,Stuttgart,3,3,1.0,2.0,D,2021
2020-11-21,M'gladbach,Augsburg,1,1,1.0,0.0,D,2021
2020-11-21,Schalke 04,Wolfsburg,0,2,0.0,2.0,A,2021
2020-11-21,Ein Frankfurt,RB Leipzig,1,1,1.0,0.0,D,2021
2020-11-21,Hertha,Dortmund,2,5,1.0,0.0,A,2021
2020-11-22,Freiburg,Mainz,1,3,0.0,3.0,A,2021
2020-11-22,FC Koln,Union Berlin,1,2,1.0,1.0,A,2021
2020-11-27,Wolfsburg,Werder Bremen,5,3,3.0,2.0,H,2021
2020-11-28,Augsburg,Freiburg,1,1,0.0,0.0,D,2021
2020-11-28,Dortmund,FC Koln,1,2,0.0,1.0,A,2021
2020-11-28,RB Leipzig,Bielefeld,2,1,1.0,0.0,H,2021
2020-11-28,Stuttgart,Bayern Munich,1,3,1.0,2.0,A,2021
2020-11-28,Union Berlin,Ein Frankfurt,3,3,2.0,2.0,D,2021
2020-11-28,M'gladbach,Schalke 04,4,1,2.0,1.0,H,2021
2020-11-29,Leverkusen,Hertha,0,0,0.0,0.0,D,2021
2020-11-29,Mainz,Hoffenheim,1,1,1.0,0.0,D,2021
2020-12-04,Hertha,Union Berlin,3,1,0.0,1.0,H,2021
2020-12-05,Bielefeld,Mainz,2,1,2.0,0.0,H,2021
2020-12-05,Ein Frankfurt,Dortmund,1,1,1.0,0.0,D,2021
2020-12-05,FC Koln,Wolfsburg,2,2,2.0,1.0,D,2021
2020-12-05,Freiburg,M'gladbach,2,2,1.0,1.0,D,2021
2020-12-05,Bayern Munich,RB Leipzig,3,3,2.0,2.0,D,2021
2020-12-06,Werder Bremen,Stuttgart,1,2,0.0,1.0,A,2021
2020-12-06,Schalke 04,Leverkusen,0,3,0.0,1.0,A,2021
2020-12-07,Hoffenheim,Augsburg,3,1,1.0,1.0,H,2021
2020-12-11,Wolfsburg,Ein Frankfurt,2,1,0.0,0.0,H,2021
2020-12-12,Dortmund,Stuttgart,1,5,1.0,1.0,A,2021
2020-12-12,Freiburg,Bielefeld,2,0,0.0,0.0,H,2021
2020-12-12,Mainz,FC Koln,0,1,0.0,0.0,A,2021
2020-12-12,M'gladbach,Hertha,1,1,0.0,0.0,D,2021
2020-12-12,RB Leipzig,Werder Bremen,2,0,2.0,0.0,H,2021
2020-12-12,Union Berlin,Bayern Munich,1,1,1.0,0.0,D,2021
2020-12-13,Augsburg,Schalke 04,2,2,1.0,0.0,D,2021
2020-12-13,Leverkusen,Hoffenheim,4,1,2.0,0.0,H,2021
2020-12-15,Ein Frankfurt,M'gladbach,3,3,3.0,1.0,D,2021
2020-12-15,Hertha,Mainz,0,0,0.0,0.0,D,2021
2020-12-15,Stuttgart,Union Berlin,2,2,0.0,1.0,D,2021
2020-12-15,Werder Bremen,Dortmund,1,2,1.0,1.0,A,2021
2020-12-16,Schalke 04,Freiburg,0,2,0.0,0.0,A,2021
2020-12-16,Bayern Munich,Wolfsburg,2,1,1.0,1.0,H,2021
2020-12-16,Bielefeld,Augsburg,0,1,0.0,0.0,A,2021
2020-12-16,FC Koln,Leverkusen,0,4,0.0,2.0,A,2021
2020-12-16,Hoffenheim,RB Leipzig,0,1,0.0,0.0,A,2021
2020-12-18,Union Berlin,Dortmund,2,1,0.0,0.0,H,2021
2020-12-19,Augsburg,Ein Frankfurt,0,2,0.0,0.0,A,2021
2020-12-19,Mainz,Werder Bremen,0,1,0.0,0.0,A,2021
2020-12-19,M'gladbach,Hoffenheim,1,2,1.0,0.0,A,2021
2020-12-19,RB Leipzig,FC Koln,0,0,0.0,0.0,D,2021
2020-12-19,Schalke 04,Bielefeld,0,1,0.0,0.0,A,2021
2020-12-19,Leverkusen,Bayern Munich,1,2,1.0,1.0,A,2021
2020-12-20,Freiburg,Hertha,4,1,1.0,0.0,H,2021
2020-12-20,Wolfsburg,Stuttgart,1,0,0.0,0.0,H,2021
2021-01-02,Bielefeld,M'gladbach,0,1,0.0,0.0,A,2021
2021-01-02,Ein Frankfurt,Leverkusen,2,1,1.0,1.0,H,2021
2021-01-02,FC Koln,Augsburg,0,1,0.0,0.0,A,2021
2021-01-02,Hoffenheim,Freiburg,1,3,0.0,3.0,A,2021
2021-01-02,Werder Bremen,Union Berlin,0,2,0.0,2.0,A,2021
2021-01-02,Hertha,Schalke 04,3,0,1.0,0.0,H,2021
2021-01-02,Stuttgart,RB Leipzig,0,1,0.0,0.0,A,2021
2021-01-03,Dortmund,Wolfsburg,2,0,0.0,0.0,H,2021
2021-01-03,Bayern Munich,Mainz,5,2,0.0,2.0,H,2021
2021-01-08,M'gladbach,Bayern Munich,3,2,2.0,2.0,H,2021
2021-01-09,Freiburg,FC Koln,5,0,2.0,0.0,H,2021
2021-01-09,Leverkusen,Werder Bremen,1,1,0.0,0.0,D,2021
2021-01-09,Mainz,Ein Frankfurt,0,2,0.0,1.0,A,2021
2021-01-09,Schalke 04,Hoffenheim,4,0,1.0,0.0,H,2021
2021-01-09,Union Berlin,Wolfsburg,2,2,1.0,1.0,D,2021
2021-01-09,RB Leipzig,Dortmund,1,3,0.0,0.0,A,2021
2021-01-10,Augsburg,Stuttgart,1,4,0.0,2.0,A,2021
2021-01-10,Bielefeld,Hertha,1,0,0.0,0.0,H,2021
2021-01-15,Union Berlin,Leverkusen,1,0,0.0,0.0,H,2021
2021-01-16,Dortmund,Mainz,1,1,0.0,0.0,D,2021
2021-01-16,FC Koln,Hertha,0,0,0.0,0.0,D,2021
2021-01-16,Hoffenheim,Bielefeld,0,0,0.0,0.0,D,2021
2021-01-16,Werder Bremen,Augsburg,2,0,0.0,0.0,H,2021
2021-01-16,Wolfsburg,RB Leipzig,2,2,2.0,1.0,D,2021
2021-01-16,Stuttgart,M'gladbach,2,2,0.0,1.0,D,2021
2021-01-17,Bayern Munich,Freiburg,2,1,1.0,0.0,H,2021
2021-01-17,Ein Frankfurt,Schalke 04,3,1,1.0,1.0,H,2021
2021-01-19,M'gladbach,Werder Bremen,1,0,0.0,0.0,H,2021
2021-01-19,Hertha,Hoffenheim,0,3,0.0,1.0,A,2021
2021-01-19,Leverkusen,Dortmund,2,1,1.0,0.0,H,2021
2021-01-19,Mainz,Wolfsburg,0,2,0.0,0.0,A,2021
2021-01-20,Schalke 04,FC Koln,1,2,0.0,1.0,A,2021
2021-01-20,Augsburg,Bayern Munich,0,1,0.0,1.0,A,2021
2021-01-20,Bielefeld,Stuttgart,3,0,1.0,0.0,H,2021
2021-01-20,Freiburg,Ein Frankfurt,2,2,1.0,1.0,D,2021
2021-01-20,RB Leipzig,Union Berlin,1,0,0.0,0.0,H,2021
2021-01-22,M'gladbach,Dortmund,4,2,2.0,2.0,H,2021
2021-01-23,Augsburg,Union Berlin,2,1,1.0,1.0,H,2021
2021-01-23,Bielefeld,Ein Frankfurt,1,5,1.0,3.0,A,2021
2021-01-23,Freiburg,Stuttgart,2,1,2.0,1.0,H,2021
2021-01-23,Leverkusen,Wolfsburg,0,1,0.0,1.0,A,2021
2021-01-23,Mainz,RB Leipzig,3,2,2.0,2.0,H,2021
2021-01-23,Hertha,Werder Bremen,1,4,1.0,2.0,A,2021
2021-01-24,Schalke 04,Bayern Munich,0,4,0.0,1.0,A,2021
2021-01-24,Hoffenheim,FC Koln,3,0,2.0,0.0,H,2021
2021-01-29,Stuttgart,Mainz,2,0,0.0,0.0,H,2021
2021-01-30,Bayern Munich,Hoffenheim,4,1,2.0,1.0,H,2021
2021-01-30,Dortmund,Augsburg,3,1,1.0,1.0,H,2021
2021-01-30,Ein Frankfurt,Hertha,3,1,0.0,0.0,H,2021
2021-01-30,Union Berlin,M'gladbach,1,1,1.0,0.0,D,2021
2021-01-30,Werder Bremen,Schalke 04,1,1,0.0,1.0,D,2021
2021-01-30,RB Leipzig,Leverkusen,1,0,0.0,0.0,H,2021
2021-01-31,FC Koln,Bielefeld,3,1,2.0,0.0,H,2021
2021-01-31,Wolfsburg,Freiburg,3,0,2.0,0.0,H,2021
2021-02-05,Hertha,Bayern Munich,0,1,0.0,1.0,A,2021
2021-02-06,Augsburg,Wolfsburg,0,2,0.0,1.0,A,2021
2021-02-06,Freiburg,Dortmund,2,1,0.0,0.0,H,2021
2021-02-06,Leverkusen,Stuttgart,5,2,2.0,0.0,H,2021
2021-02-06,Mainz,Union Berlin,1,0,1.0,0.0,H,2021
2021-02-06,Schalke 04,RB Leipzig,0,3,0.0,1.0,A,2021
2021-02-06,M'gladbach,FC Koln,1,2,1.0,1.0,A,2021
2021-02-07,Hoffenheim,Ein Frankfurt,1,3,0.0,1.0,A,2021
2021-02-12,RB Leipzig,Augsburg,2,1,2.0,0.0,H,2021
2021-02-13,Dortmund,Hoffenheim,2,2,1.0,1.0,D,2021
2021-02-13,Leverkusen,Mainz,2,2,1.0,0.0,D,2021
2021-02-13,Stuttgart,Hertha,1,1,1.0,0.0,D,2021
2021-02-13,Werder Bremen,Freiburg,0,0,0.0,0.0,D,2021
2021-02-13,Union Berlin,Schalke 04,0,0,0.0,0.0,D,2021
2021-02-14,Ein Frankfurt,FC Koln,2,0,0.0,0.0,H,2021
2021-02-14,Wolfsburg,M'gladbach,0,0,0.0,0.0,D,2021
2021-02-15,Bayern Munich,Bielefeld,3,3,0.0,2.0,D,2021
2021-02-19,Bielefeld,Wolfsburg,0,3,0.0,1.0,A,2021
2021-02-20,Ein Frankfurt,Bayern Munich,2,1,2.0,0.0,H,2021
2021-02-20,FC Koln,Stuttgart,0,1,0.0,0.0,A,2021
2021-02-20,Freiburg,Union Berlin,0,1,0.0,0.0,A,2021
2021-02-20,M'gladbach,Mainz,1,2,1.0,1.0,A,2021
2021-02-20,Schalke 04,Dortmund,0,4,0.0,2.0,A,2021
2021-02-21,Augsburg,Leverkusen,1,1,1.0,0.0,D,2021
2021-02-21,Hertha,RB Leipzig,0,3,0.0,1.0,A,2021
2021-02-21,Hoffenheim,Werder Bremen,4,0,2.0,0.0,H,2021
2021-02-26,Werder Bremen,Ein Frankfurt,2,1,0.0,1.0,H,2021
2021-02-27,Bayern Munich,FC Koln,5,1,2.0,0.0,H,2021
2021-02-27,Dortmund,Bielefeld,3,0,0.0,0.0,H,2021
2021-02-27,Stuttgart,Schalke 04,5,1,3.0,1.0,H,2021
2021-02-27,Wolfsburg,Hertha,2,0,1.0,0.0,H,2021
2021-02-27,RB Leipzig,M'gladbach,3,2,0.0,2.0,H,2021
2021-02-28,Union Berlin,Hoffenheim,1,1,1.0,1.0,D,2021
2021-02-28,Mainz,Augsburg,0,1,0.0,1.0,A,2021
2021-02-28,Leverkusen,Freiburg,1,2,0.0,0.0,A,2021
2021-03-05,Schalke 04,Mainz,0,0,0.0,0.0,D,2021
2021-03-06,Ein Frankfurt,Stuttgart,1,1,0.0,0.0,D,2021
2021-03-06,Freiburg,RB Leipzig,0,3,0.0,1.0,A,2021
2021-03-06,Hertha,Augsburg,2,1,0.0,1.0,H,2021
2021-03-06,Hoffenheim,Wolfsburg,2,1,2.0,1.0,H,2021
2021-03-06,M'gladbach,Leverkusen,0,1,0.0,0.0,A,2021
2021-03-06,Bayern Munich,Dortmund,4,2,2.0,2.0,H,2021
2021-03-07,FC Koln,Werder Bremen,1,1,0.0,0.0,D,2021
2021-03-07,Bielefeld,Union Berlin,0,0,0.0,0.0,D,2021
2021-03-10,Bielefeld,Werder Bremen,0,2,0.0,0.0,A,2021
2021-03-12,Augsburg,M'gladbach,3,1,0.0,0.0,H,2021
2021-03-13,Mainz,Freiburg,1,0,0.0,0.0,H,2021
2021-03-13,Union Berlin,FC Koln,2,1,0.0,1.0,H,2021
2021-03-13,Werder Bremen,Bayern Munich,1,3,0.0,2.0,A,2021
2021-03-13,Wolfsburg,Schalke 04,5,0,1.0,0.0,H,2021
2021-03-13,Dortmund,Hertha,2,0,0.0,0.0,H,2021
2021-03-14,Leverkusen,Bielefeld,1,2,0.0,1.0,A,2021
2021-03-14,RB Leipzig,Ein Frankfurt,1,1,0.0,0.0,D,2021
2021-03-14,Stuttgart,Hoffenheim,2,0,1.0,0.0,H,2021
2021-03-19,Bielefeld,RB Leipzig,0,1,0.0,0.0,A,2021
2021-03-20,Bayern Munich,Stuttgart,4,0,4.0,0.0,H,2021
2021-03-20,Ein Frankfurt,Union Berlin,5,2,4.0,2.0,H,2021
2021-03-20,FC Koln,Dortmund,2,2,1.0,1.0,D,2021
2021-03-20,Werder Bremen,Wolfsburg,1,2,1.0,2.0,A,2021
2021-03-20,Schalke 04,M'gladbach,0,3,0.0,1.0,A,2021
2021-03-21,Hoffenheim,Mainz,1,2,1.0,2.0,A,2021
2021-03-21,Hertha,Leverkusen,3,0,3.0,0.0,H,2021
2021-03-21,Freiburg,Augsburg,2,0,0.0,0.0,H,2021
2021-04-03,Augsburg,Hoffenheim,2,1,2.0,0.0,H,2021
2021-04-03,Dortmund,Ein Frankfurt,1,2,1.0,1.0,A,2021
2021-04-03,Leverkusen,Schalke 04,2,1,1.0,0.0,H,2021
2021-04-03,Mainz,Bielefeld,1,1,0.0,0.0,D,2021
2021-04-03,Wolfsburg,FC Koln,1,0,0.0,0.0,H,2021
2021-04-03,RB Leipzig,Bayern Munich,0,1,0.0,1.0,A,2021
2021-04-03,M'gladbach,Freiburg,2,1,0.0,1.0,H,2021
2021-04-04,Stuttgart,Werder Bremen,1,0,0.0,0.0,H,2021
2021-04-04,Union Berlin,Hertha,1,1,1.0,1.0,D,2021
2021-04-09,Bielefeld,Freiburg,1,0,0.0,0.0,H,2021
2021-04-10,Bayern Munich,Union Berlin,1,1,0.0,0.0,D,2021
2021-04-10,Ein Frankfurt,Wolfsburg,4,3,2.0,1.0,H,2021
2021-04-10,Hertha,M'gladbach,2,2,1.0,2.0,D,2021
2021-04-10,Werder Bremen,RB Leipzig,1,4,0.0,3.0,A,2021
2021-04-10,Stuttgart,Dortmund,2,3,1.0,0.0,A,2021
2021-04-11,Schalke 04,Augsburg,1,0,1.0,0.0,H,2021
2021-04-11,FC Koln,Mainz,2,3,1.0,1.0,A,2021
2021-04-12,Hoffenheim,Leverkusen,0,0,0.0,0.0,D,2021
2021-04-16,RB Leipzig,Hoffenheim,0,0,0.0,0.0,D,2021
2021-04-17,Augsburg,Bielefeld,0,0,0.0,0.0,D,2021
2021-04-17,Freiburg,Schalke 04,4,0,2.0,0.0,H,2021
2021-04-17,M'gladbach,Ein Frankfurt,4,0,1.0,0.0,H,2021
2021-04-17,Union Berlin,Stuttgart,2,1,2.0,0.0,H,2021
2021-04-17,Wolfsburg,Bayern Munich,2,3,1.0,3.0,A,2021
2021-04-17,Leverkusen,FC Koln,3,0,1.0,0.0,H,2021
2021-04-18,Dortmund,Werder Bremen,4,1,3.0,1.0,H,2021
2021-04-20,FC Koln,RB Leipzig,2,1,0.0,0.0,H,2021
2021-04-20,Bayern Munich,Leverkusen,2,0,2.0,0.0,H,2021
2021-04-20,Bielefeld,Schalke 04,1,0,0.0,0.0,H,2021
2021-04-20,Ein Frankfurt,Augsburg,2,0,1.0,0.0,H,2021
2021-04-21,Dortmund,Union Berlin,2,0,1.0,0.0,H,2021
2021-04-21,Hoffenheim,M'gladbach,3,2,0.0,2.0,H,2021
2021-04-21,Stuttgart,Wolfsburg,1,3,0.0,2.0,A,2021
2021-04-21,Werder Bremen,Mainz,0,1,0.0,1.0,A,2021
2021-04-23,Augsburg,FC Koln,2,3,0.0,3.0,A,2021
2021-04-24,Freiburg,Hoffenheim,1,1,0.0,1.0,D,2021
2021-04-24,Mainz,Bayern Munich,2,1,2.0,0.0,H,2021
2021-04-24,Union Berlin,Werder Bremen,3,1,0.0,0.0,H,2021
2021-04-24,Wolfsburg,Dortmund,0,2,0.0,1.0,A,2021
2021-04-24,Leverkusen,Ein Frankfurt,3,1,0.0,0.0,H,2021
2021-04-25,RB Leipzig,Stuttgart,2,0,0.0,0.0,H,2021
2021-04-25,M'gladbach,Bielefeld,5,0,3.0,0.0,H,2021
2021-05-03,Mainz,Hertha,1,1,1.0,1.0,D,2021
2021-05-06,Hertha,Freiburg,3,0,2.0,0.0,H,2021
2021-05-07,Stuttgart,Augsburg,2,1,1.0,0.0,H,2021
2021-05-08,Dortmund,RB Leipzig,3,2,1.0,0.0,H,2021
2021-05-08,Hoffenheim,Schalke 04,4,2,0.0,2.0,H,2021
2021-05-08,Werder Bremen,Leverkusen,0,0,0.0,0.0,D,2021
2021-05-08,Wolfsburg,Union Berlin,3,0,1.0,0.0,H,2021
2021-05-08,Bayern Munich,M'gladbach,6,0,4.0,0.0,H,2021
2021-05-09,FC Koln,Freiburg,1,4,0.0,2.0,A,2021
2021-05-09,Ein Frankfurt,Mainz,1,1,0.0,1.0,D,2021
2021-05-09,Hertha,Bielefeld,0,0,0.0,0.0,D,2021
2021-05-12,Schalke 04,Hertha,1,2,1.0,1.0,A,2021
2021-05-15,Augsburg,Werder Bremen,2,0,0.0,0.0,H,2021
2021-05-15,Bielefeld,Hoffenheim,1,1,1.0,1.0,D,2021
2021-05-15,Freiburg,Bayern Munich,2,2,1.0,1.0,D,2021
2021-05-15,Hertha,FC Koln,0,0,0.0,0.0,D,2021
2021-05-15,Leverkusen,Union Berlin,1,1,1.0,0.0,D,2021
2021-05-15,M'gladbach,Stuttgart,1,2,1.0,0.0,A,2021
2021-05-15,Schalke 04,Ein Frankfurt,4,3,1.0,1.0,H,2021
2021-05-16,Mainz,Dortmund,1,3,0.0,2.0,A,2021
2021-05-16,RB Leipzig,Wolfsburg,2,2,0.0,2.0,D,2021
2021-05-22,Bayern Munich,Augsburg,5,2,4.0,0.0,H,2021
2021-05-22,Dortmund,Leverkusen,3,1,1.0,0.0,H,2021
2021-05-22,Ein Frankfurt,Freiburg,3,1,0.0,0.0,H,2021
2021-05-22,FC Koln,Schalke 04,1,0,0.0,0.0,H,2021
2021-05-22,Hoffenheim,Hertha,2,1,0.0,1.0,H,2021
2021-05-22,Stuttgart,Bielefeld,0,2,0.0,0.0,A,2021
2021-05-22,Union Berlin,RB Leipzig,2,1,0.0,0.0,H,2021
2021-05-22,Werder Bremen,M'gladbach,2,4,0.0,1.0,A,2021
2021-05-22,Wolfsburg,Mainz,2,3,0.0,1.0,A,2021
2021-08-13,M'gladbach,Bayern Munich,1,1,1.0,1.0,D,2122
2021-08-14,Augsburg,Hoffenheim,0,4,0.0,1.0,A,2122
2021-08-14,Bielefeld,Freiburg,0,0,0.0,0.0,D,2122
2021-08-14,Stuttgart,Greuther Furth,5,1,2.0,0.0,H,2122
2021-08-14,Union Berlin,Leverkusen,1,1,1.0,1.0,D,2122
2021-08-14,Wolfsburg,Bochum,1,0,1.0,0.0,H,2122
2021-08-14,Dortmund,Ein Frankfurt,5,2,3.0,1.0,H,2122
2021-08-15,Mainz,RB Leipzig,1,0,1.0,0.0,H,2122
2021-08-15,FC Koln,Hertha,3,1,1.0,1.0,H,2122
2021-08-20,RB Leipzig,Stuttgart,4,0,1.0,0.0,H,2122
2021-08-21,Bochum,Mainz,2,0,1.0,0.0,H,2122
2021-08-21,Ein Frankfurt,Augsburg,0,0,0.0,0.0,D,2122
2021-08-21,Freiburg,Dortmund,2,1,1.0,0.0,H,2122
2021-08-21,Greuther Furth,Bielefeld,1,1,0.0,1.0,D,2122
2021-08-21,Hertha,Wolfsburg,1,2,0.0,0.0,A,2122
2021-08-21,Leverkusen,M'gladbach,4,0,2.0,0.0,H,2122
2021-08-22,Hoffenheim,Union Berlin,2,2,2.0,1.0,D,2122
2021-08-22,Bayern Munich,FC Koln,3,2,0.0,0.0,H,2122
2021-08-27,Dortmund,Hoffenheim,3,2,0.0,0.0,H,2122
2021-08-28,Augsburg,Leverkusen,1,4,1.0,2.0,A,2122
2021-08-28,Bielefeld,Ein Frankfurt,1,1,0.0,1.0,D,2122
2021-08-28,FC Koln,Bochum,2,1,0.0,0.0,H,2122
2021-08-28,Mainz,Greuther Furth,3,0,2.0,0.0,H,2122
2021-08-28,Stuttgart,Freiburg,2,3,2.0,3.0,A,2122
2021-08-28,Bayern Munich,Hertha,5,0,2.0,0.0,H,2122
2021-08-29,Union Berlin,M'gladbach,2,1,2.0,0.0,H,2122
2021-08-29,Wolfsburg,RB Leipzig,1,0,0.0,0.0,H,2122
2021-09-11,Freiburg,FC Koln,1,1,0.0,1.0,D,2122
2021-09-11,Greuther Furth,Wolfsburg,0,2,0.0,1.0,A,2122
2021-09-11,Hoffenheim,Mainz,0,2,0.0,1.0,A,2122
2021-09-11,Leverkusen,Dortmund,3,4,2.0,1.0,A,2122
2021-09-11,Union Berlin,Augsburg,0,0,0.0,0.0,D,2122
2021-09-11,RB Leipzig,Bayern Munich,1,4,0.0,1.0,A,2122
2021-09-12,Ein Frankfurt,Stuttgart,1,1,0.0,0.0,D,2122
2021-09-12,Bochum,Hertha,1,3,0.0,2.0,A,2122
2021-09-12,M'gladbach,Bielefeld,3,1,1.0,1.0,H,2122
2021-09-17,Hertha,Greuther Furth,2,1,0.0,0.0,H,2122
2021-09-18,Augsburg,M'gladbach,1,0,0.0,0.0,H,2122
2021-09-18,Bayern Munich,Bochum,7,0,4.0,0.0,H,2122
2021-09-18,Bielefeld,Hoffenheim,0,0,0.0,0.0,D,2122
2021-09-18,Mainz,Freiburg,0,0,0.0,0.0,D,2122
2021-09-18,FC Koln,RB Leipzig,1,1,0.0,0.0,D,2122
2021-09-19,Stuttgart,Leverkusen,1,3,1.0,2.0,A,2122
2021-09-19,Dortmund,Union Berlin,4,2,2.0,0.0,H,2122
2021-09-19,Wolfsburg,Ein Frankfurt,1,1,0.0,1.0,D,2122
2021-09-24,Greuther Furth,Bayern Munich,1,3,0.0,2.0,A,2122
2021-09-25,Ein Frankfurt,FC Koln,1,1,1.0,1.0,D,2122
2021-09-25,Hoffenheim,Wolfsburg,3,1,1.0,1.0,H,2122
2021-09-25,Leverkusen,Mainz,1,0,0.0,0.0,H,2122
2021-09-25,RB Leipzig,Hertha,6,0,3.0,0.0,H,2122
2021-09-25,Union Berlin,Bielefeld,1,0,0.0,0.0,H,2122
2021-09-25,M'gladbach,Dortmund,1,0,1.0,0.0,H,2122
2021-09-26,Bochum,Stuttgart,0,0,0.0,0.0,D,2122
2021-09-26,Freiburg,Augsburg,3,0,3.0,0.0,H,2122
2021-10-01,FC Koln,Greuther Furth,3,1,0.0,1.0,H,2122
2021-10-02,Dortmund,Augsburg,2,1,1.0,1.0,H,2122
2021-10-02,Hertha,Freiburg,1,2,0.0,1.0,A,2122
2021-10-02,Stuttgart,Hoffenheim,3,1,1.0,0.0,H,2122
2021-10-02,Wolfsburg,M'gladbach,1,3,1.0,2.0,A,2122
2021-10-02,RB Leipzig,Bochum,3,0,0.0,0.0,H,2122
2021-10-03,Mainz,Union Berlin,1,2,1.0,0.0,A,2122
2021-10-03,Bayern Munich,Ein Frankfurt,1,2,1.0,1.0,A,2122
2021-10-03,Bielefeld,Leverkusen,0,4,0.0,2.0,A,2122
2021-10-15,Hoffenheim,FC Koln,5,0,1.0,0.0,H,2122
2021-10-16,Dortmund,Mainz,3,1,1.0,0.0,H,2122
2021-10-16,Ein Frankfurt,Hertha,1,2,0.0,1.0,A,2122
2021-10-16,Freiburg,RB Leipzig,1,1,0.0,1.0,D,2122
2021-10-16,Greuther Furth,Bochum,0,1,0.0,0.0,A,2122
2021-10-16,Union Berlin,Wolfsburg,2,0,0.0,0.0,H,2122
2021-10-16,M'gladbach,Stuttgart,1,1,1.0,1.0,D,2122
2021-10-17,Leverkusen,Bayern Munich,1,5,0.0,5.0,A,2122
2021-10-17,Augsburg,Bielefeld,1,1,1.0,0.0,D,2122
2021-10-22,Mainz,Augsburg,4,1,3.0,0.0,H,2122
2021-10-23,Bayern Munich,Hoffenheim,4,0,2.0,0.0,H,2122
2021-10-23,Bielefeld,Dortmund,1,3,0.0,2.0,A,2122
2021-10-23,RB Leipzig,Greuther Furth,4,1,0.0,1.0,H,2122
2021-10-23,Wolfsburg,Freiburg,0,2,0.0,1.0,A,2122
2021-10-23,Hertha,M'gladbach,1,0,1.0,0.0,H,2122
2021-10-24,FC Koln,Leverkusen,2,2,0.0,2.0,D,2122
2021-10-24,Stuttgart,Union Berlin,1,1,0.0,1.0,D,2122
2021-10-24,Bochum,Ein Frankfurt,2,0,1.0,0.0,H,2122
2021-10-29,Hoffenheim,Hertha,2,0,2.0,0.0,H,2122
2021-10-30,Bielefeld,Mainz,1,2,1.0,1.0,A,2122
2021-10-30,Dortmund,FC Koln,2,0,1.0,0.0,H,2122
2021-10-30,Freiburg,Greuther Furth,3,1,2.0,0.0,H,2122
2021-10-30,Leverkusen,Wolfsburg,0,2,0.0,0.0,A,2122
2021-10-30,Union Berlin,Bayern Munich,2,5,1.0,3.0,A,2122
2021-10-30,Ein Frankfurt,RB Leipzig,1,1,0.0,1.0,D,2122
2021-10-31,Augsburg,Stuttgart,4,1,1.0,1.0,H,2122
2021-10-31,M'gladbach,Bochum,2,1,2.0,0.0,H,2122
2021-11-05,Mainz,M'gladbach,1,1,0.0,1.0,D,2122
2021-11-06,Bayern Munich,Freiburg,2,1,1.0,0.0,H,2122
2021-11-06,Bochum,Hoffenheim,2,0,0.0,0.0,H,2122
2021-11-06,Stuttgart,Bielefeld,0,1,0.0,1.0,A,2122
2021-11-06,Wolfsburg,Augsburg,1,0,1.0,0.0,H,2122
2021-11-06,RB Leipzig,Dortmund,2,1,1.0,0.0,H,2122
2021-11-07,Hertha,Leverkusen,1,1,1.0,0.0,D,2122
2021-11-07,FC Koln,Union Berlin,2,2,1.0,2.0,D,2122
2021-11-07,Greuther Furth,Ein Frankfurt,1,2,0.0,0.0,A,2122
2021-11-19,Augsburg,Bayern Munich,2,1,2.0,1.0,H,2122
2021-11-20,Bielefeld,Wolfsburg,2,2,1.0,0.0,D,2122
2021-11-20,Dortmund,Stuttgart,2,1,0.0,0.0,H,2122
2021-11-20,Hoffenheim,RB Leipzig,2,0,1.0,0.0,H,2122
2021-11-20,Leverkusen,Bochum,1,0,1.0,0.0,H,2122
2021-11-20,M'gladbach,Greuther Furth,4,0,3.0,0.0,H,2122
2021-11-20,Union Berlin,Hertha,2,0,2.0,0.0,H,2122
2021-11-21,Freiburg,Ein Frankfurt,0,2,0.0,2.0,A,2122
2021-11-21,Mainz,FC Koln,1,1,1.0,0.0,D,2122
2021-11-26,Stuttgart,Mainz,2,1,1.0,1.0,H,2122
2021-11-27,Bochum,Freiburg,2,1,0.0,0.0,H,2122
2021-11-27,FC Koln,M'gladbach,4,1,0.0,0.0,H,2122
2021-11-27,Greuther Furth,Hoffenheim,3,6,1.0,2.0,A,2122
2021-11-27,Hertha,Augsburg,1,1,1.0,0.0,D,2122
2021-11-27,Wolfsburg,Dortmund,1,3,1.0,1.0,A,2122
2021-11-27,Bayern Munich,Bielefeld,1,0,0.0,0.0,H,2122
2021-11-28,Ein Frankfurt,Union Berlin,2,1,1.0,0.0,H,2122
2021-11-28,RB Leipzig,Leverkusen,1,3,0.0,2.0,A,2122
2021-12-03,Union Berlin,RB Leipzig,2,1,1.0,1.0,H,2122
2021-12-04,Augsburg,Bochum,2,3,0.0,3.0,A,2122
2021-12-04,Bielefeld,FC Koln,1,1,0.0,1.0,D,2122
2021-12-04,Hoffenheim,Ein Frankfurt,3,2,2.0,1.0,H,2122
2021-12-04,Leverkusen,Greuther Furth,7,1,3.0,1.0,H,2122
2021-12-04,Mainz,Wolfsburg,3,0,2.0,0.0,H,2122
2021-12-04,Dortmund,Bayern Munich,2,3,1.0,2.0,A,2122
2021-12-05,Stuttgart,Hertha,2,2,2.0,1.0,D,2122
2021-12-05,M'gladbach,Freiburg,0,6,0.0,6.0,A,2122
2021-12-10,FC Koln,Augsburg,0,2,0.0,0.0,A,2122
2021-12-11,Bayern Munich,Mainz,2,1,0.0,1.0,H,2122
2021-12-11,Bochum,Dortmund,1,1,1.0,0.0,D,2122
2021-12-11,Freiburg,Hoffenheim,1,2,1.0,1.0,A,2122
2021-12-11,Hertha,Bielefeld,2,0,0.0,0.0,H,2122
2021-12-11,RB Leipzig,M'gladbach,4,1,2.0,0.0,H,2122
2021-12-11,Wolfsburg,Stuttgart,0,2,0.0,1.0,A,2122
2021-12-12,Greuther Furth,Union Berlin,1,0,0.0,0.0,H,2122
2021-12-12,Ein Frankfurt,Leverkusen,5,2,2.0,2.0,H,2122
2021-12-14,Stuttgart,Bayern Munich,0,5,0.0,1.0,A,2122
2021-12-14,Bielefeld,Bochum,2,0,0.0,0.0,H,2122
2021-12-14,Mainz,Hertha,4,0,2.0,0.0,H,2122
2021-12-14,Wolfsburg,FC Koln,2,3,1.0,1.0,A,2122
2021-12-15,M'gladbach,Ein Frankfurt,2,3,1.0,1.0,A,2122
2021-12-15,Augsburg,RB Leipzig,1,1,0.0,1.0,D,2122
2021-12-15,Dortmund,Greuther Furth,3,0,1.0,0.0,H,2122
2021-12-15,Leverkusen,Hoffenheim,2,2,1.0,0.0,D,2122
2021-12-15,Union Berlin,Freiburg,0,0,0.0,0.0,D,2122
2021-12-17,Bayern Munich,Wolfsburg,4,0,1.0,0.0,H,2122
2021-12-18,Bochum,Union Berlin,0,1,0.0,1.0,A,2122
2021-12-18,Ein Frankfurt,Mainz,1,0,1.0,0.0,H,2122
2021-12-18,Greuther Furth,Augsburg,0,0,0.0,0.0,D,2122
2021-12-18,Hoffenheim,M'gladbach,1,1,0.0,1.0,D,2122
2021-12-18,RB Leipzig,Bielefeld,0,2,0.0,0.0,A,2122
2021-12-18,Hertha,Dortmund,3,2,0.0,1.0,H,2122
2021-12-19,Freiburg,Leverkusen,2,1,1.0,1.0,H,2122
2021-12-19,FC Koln,Stuttgart,1,0,0.0,0.0,H,2122
2022-01-07,Bayern Munich,M'gladbach,1,2,1.0,2.0,A,2122
2022-01-08,Freiburg,Bielefeld,2,2,1.0,0.0,D,2122
2022-01-08,Greuther Furth,Stuttgart,0,0,0.0,0.0,D,2122
2022-01-08,Hoffenheim,Augsburg,3,1,2.0,1.0,H,2122
2022-01-08,Leverkusen,Union Berlin,2,2,1.0,1.0,D,2122
2022-01-08,RB Leipzig,Mainz,4,1,1.0,0.0,H,2122
2022-01-08,Ein Frankfurt,Dortmund,2,3,2.0,0.0,A,2122
2022-01-09,Hertha,FC Koln,1,3,0.0,2.0,A,2122
2022-01-09,Bochum,Wolfsburg,1,0,0.0,0.0,H,2122
2022-01-14,Dortmund,Freiburg,5,1,3.0,0.0,H,2122
2022-01-15,FC Koln,Bayern Munich,0,4,0.0,2.0,A,2122
2022-01-15,Mainz,Bochum,1,0,0.0,0.0,H,2122
2022-01-15,Stuttgart,RB Leipzig,0,2,0.0,1.0,A,2122
2022-01-15,Union Berlin,Hoffenheim,2,1,1.0,1.0,H,2122
2022-01-15,Wolfsburg,Hertha,0,0,0.0,0.0,D,2122
2022-01-15,M'gladbach,Leverkusen,1,2,0.0,0.0,A,2122
2022-01-16,Augsburg,Ein Frankfurt,1,1,1.0,1.0,D,2122
2022-01-16,Bielefeld,Greuther Furth,2,2,1.0,1.0,D,2122
2022-01-21,Ein Frankfurt,Bielefeld,0,2,0.0,2.0,A,2122
2022-01-22,Freiburg,Stuttgart,2,0,1.0,0.0,H,2122
2022-01-22,Greuther Furth,Mainz,2,1,1.0,0.0,H,2122
2022-01-22,Hoffenheim,Dortmund,2,3,1.0,1.0,A,2122
2022-01-22,Leverkusen,Augsburg,5,1,2.0,0.0,H,2122
2022-01-22,M'gladbach,Union Berlin,1,2,1.0,1.0,A,2122
2022-01-22,Bochum,FC Koln,2,2,1.0,2.0,D,2122
2022-01-23,RB Leipzig,Wolfsburg,2,0,0.0,0.0,H,2122
2022-01-23,Hertha,Bayern Munich,1,4,0.0,2.0,A,2122
2022-02-04,Hertha,Bochum,1,1,1.0,0.0,D,2122
2022-02-05,Augsburg,Union Berlin,2,0,1.0,0.0,H,2122
2022-02-05,Bielefeld,M'gladbach,1,1,1.0,1.0,D,2122
2022-02-05,FC Koln,Freiburg,1,0,1.0,0.0,H,2122
2022-02-05,Mainz,Hoffenheim,2,0,0.0,0.0,H,2122
2022-02-05,Stuttgart,Ein Frankfurt,2,3,1.0,1.0,A,2122
2022-02-05,Bayern Munich,RB Leipzig,3,2,2.0,1.0,H,2122
2022-02-06,Dortmund,Leverkusen,2,5,1.0,3.0,A,2122
2022-02-06,Wolfsburg,Greuther Furth,4,1,1.0,1.0,H,2122
2022-02-11,RB Leipzig,FC Koln,3,1,1.0,0.0,H,2122
2022-02-12,Bochum,Bayern Munich,4,2,4.0,1.0,H,2122
2022-02-12,Ein Frankfurt,Wolfsburg,0,2,0.0,1.0,A,2122
2022-02-12,Freiburg,Mainz,1,1,0.0,1.0,D,2122
2022-02-12,Greuther Furth,Hertha,2,1,1.0,0.0,H,2122
2022-02-12,M'gladbach,Augsburg,3,2,1.0,0.0,H,2122
2022-02-12,Leverkusen,Stuttgart,4,2,1.0,0.0,H,2122
2022-02-13,Union Berlin,Dortmund,0,3,0.0,2.0,A,2122
2022-02-13,Hoffenheim,Bielefeld,2,0,1.0,0.0,H,2122
2022-02-18,Mainz,Leverkusen,3,2,0.0,1.0,H,2122
2022-02-19,Augsburg,Freiburg,1,2,1.0,2.0,A,2122
2022-02-19,Bielefeld,Union Berlin,1,0,0.0,0.0,H,2122
2022-02-19,Stuttgart,Bochum,1,1,0.0,0.0,D,2122
2022-02-19,Wolfsburg,Hoffenheim,1,2,1.0,0.0,A,2122
2022-02-19,FC Koln,Ein Frankfurt,1,0,0.0,0.0,H,2122
2022-02-20,Bayern Munich,Greuther Furth,4,1,0.0,1.0,H,2122
2022-02-20,Dortmund,M'gladbach,6,0,2.0,0.0,H,2122
2022-02-20,Hertha,RB Leipzig,1,6,0.0,1.0,A,2122
2022-02-25,Hoffenheim,Stuttgart,2,1,0.0,0.0,H,2122
2022-02-26,Freiburg,Hertha,3,0,1.0,0.0,H,2122
2022-02-26,Greuther Furth,FC Koln,1,1,0.0,0.0,D,2122
2022-02-26,Leverkusen,Bielefeld,3,0,1.0,0.0,H,2122
2022-02-26,M'gladbach,Wolfsburg,2,2,1.0,2.0,D,2122
2022-02-26,Union Berlin,Mainz,3,1,1.0,0.0,H,2122
2022-02-26,Ein Frankfurt,Bayern Munich,0,1,0.0,0.0,A,2122
2022-02-27,Bochum,RB Leipzig,0,1,0.0,0.0,A,2122
2022-02-27,Augsburg,Dortmund,1,1,0.0,1.0,D,2122
2022-03-04,Bielefeld,Augsburg,0,1,0.0,0.0,A,2122
2022-03-05,Bayern Munich,Leverkusen,1,1,1.0,1.0,D,2122
2022-03-05,Bochum,Greuther Furth,2,1,1.0,0.0,H,2122
2022-03-05,Hertha,Ein Frankfurt,1,4,0.0,1.0,A,2122
2022-03-05,RB Leipzig,Freiburg,1,1,0.0,1.0,D,2122
2022-03-05,Wolfsburg,Union Berlin,1,0,1.0,0.0,H,2122
2022-03-05,Stuttgart,M'gladbach,3,2,1.0,2.0,H,2122
2022-03-06,FC Koln,Hoffenheim,0,1,0.0,0.0,A,2122
2022-03-12,Freiburg,Wolfsburg,3,2,2.0,0.0,H,2122
2022-03-12,Hoffenheim,Bayern Munich,1,1,1.0,1.0,D,2122
2022-03-12,Union Berlin,Stuttgart,1,1,1.0,0.0,D,2122
2022-03-12,M'gladbach,Hertha,2,0,1.0,0.0,H,2122
2022-03-13,Leverkusen,FC Koln,0,1,0.0,0.0,A,2122
2022-03-13,Dortmund,Bielefeld,1,0,1.0,0.0,H,2122
2022-03-13,Ein Frankfurt,Bochum,2,1,0.0,1.0,H,2122
2022-03-13,Greuther Furth,RB Leipzig,1,6,1.0,4.0,A,2122
2022-03-16,Mainz,Dortmund,0,1,0.0,0.0,A,2122
2022-03-18,Bochum,M'gladbach,0,2,0.0,0.0,A,2122
2022-03-19,Greuther Furth,Freiburg,0,0,0.0,0.0,D,2122
2022-03-19,Hertha,Hoffenheim,3,0,1.0,0.0,H,2122
2022-03-19,Mainz,Bielefeld,4,0,1.0,0.0,H,2122
2022-03-19,Stuttgart,Augsburg,3,2,1.0,2.0,H,2122
2022-03-19,Bayern Munich,Union Berlin,4,0,3.0,0.0,H,2122
2022-03-20,RB Leipzig,Ein Frankfurt,0,0,0.0,0.0,D,2122
2022-03-20,Wolfsburg,Leverkusen,0,2,0.0,0.0,A,2122
2022-03-20,FC Koln,Dortmund,1,1,1.0,1.0,D,2122
2022-04-01,Union Berlin,FC Koln,1,0,0.0,0.0,H,2122
2022-04-02,Bielefeld,Stuttgart,1,1,0.0,1.0,D,2122
2022-04-02,Ein Frankfurt,Greuther Furth,0,0,0.0,0.0,D,2122
2022-04-02,Freiburg,Bayern Munich,1,4,0.0,0.0,A,2122
2022-04-02,Hoffenheim,Bochum,1,2,0.0,1.0,A,2122
2022-04-02,Leverkusen,Hertha,2,1,2.0,1.0,H,2122
2022-04-02,Dortmund,RB Leipzig,1,4,0.0,2.0,A,2122
2022-04-03,Augsburg,Wolfsburg,3,0,1.0,0.0,H,2122
2022-04-03,M'gladbach,Mainz,1,1,1.0,0.0,D,2122
2022-04-06,Augsburg,Mainz,2,1,1.0,0.0,H,2122
2022-04-08,Stuttgart,Dortmund,0,2,0.0,1.0,A,2122
2022-04-09,Bayern Munich,Augsburg,1,0,0.0,0.0,H,2122
2022-04-09,FC Koln,Mainz,3,2,0.0,1.0,H,2122
2022-04-09,Greuther Furth,M'gladbach,0,2,0.0,2.0,A,2122
2022-04-09,Wolfsburg,Bielefeld,4,0,2.0,0.0,H,2122
2022-04-09,Hertha,Union Berlin,1,4,0.0,1.0,A,2122
2022-04-10,Bochum,Leverkusen,0,0,0.0,0.0,D,2122
2022-04-10,Ein Frankfurt,Freiburg,1,2,0.0,1.0,A,2122
2022-04-10,RB Leipzig,Hoffenheim,3,0,3.0,0.0,H,2122
2022-04-16,Augsburg,Hertha,0,1,0.0,0.0,A,2122
2022-04-16,Dortmund,Wolfsburg,6,1,5.0,0.0,H,2122
2022-04-16,Freiburg,Bochum,3,0,2.0,0.0,H,2122
2022-04-16,Mainz,Stuttgart,0,0,0.0,0.0,D,2122
2022-04-16,M'gladbach,FC Koln,1,3,0.0,3.0,A,2122
2022-04-17,Bielefeld,Bayern Munich,0,3,0.0,2.0,A,2122
2022-04-17,Hoffenheim,Greuther Furth,0,0,0.0,0.0,D,2122
2022-04-17,Union Berlin,Ein Frankfurt,2,0,2.0,0.0,H,2122
2022-04-17,Leverkusen,RB Leipzig,0,1,0.0,0.0,A,2122
2022-04-22,Wolfsburg,Mainz,5,0,5.0,0.0,H,2122
2022-04-23,Ein Frankfurt,Hoffenheim,2,2,1.0,1.0,D,2122
2022-04-23,FC Koln,Bielefeld,3,1,2.0,1.0,H,2122
2022-04-23,Freiburg,M'gladbach,3,3,0.0,2.0,D,2122
2022-04-23,Greuther Furth,Leverkusen,1,4,1.0,2.0,A,2122
2022-04-23,RB Leipzig,Union Berlin,1,2,0.0,0.0,A,2122
2022-04-23,Bayern Munich,Dortmund,3,1,2.0,0.0,H,2122
2022-04-24,Bochum,Augsburg,0,2,0.0,2.0,A,2122
2022-04-24,Hertha,Stuttgart,2,0,1.0,0.0,H,2122
2022-04-29,Union Berlin,Greuther Furth,1,1,0.0,1.0,D,2122
2022-04-30,Augsburg,FC Koln,1,4,0.0,2.0,A,2122
2022-04-30,Bielefeld,Hertha,1,1,0.0,0.0,D,2122
2022-04-30,Dortmund,Bochum,3,4,2.0,2.0,A,2122
2022-04-30,Mainz,Bayern Munich,3,1,2.0,1.0,H,2122
2022-04-30,Stuttgart,Wolfsburg,1,1,0.0,1.0,D,2122
2022-04-30,Hoffenheim,Freiburg,3,4,1.0,1.0,A,2122
2022-05-02,Leverkusen,Ein Frankfurt,2,0,1.0,0.0,H,2122
2022-05-02,M'gladbach,RB Leipzig,3,1,2.0,1.0,H,2122
2022-05-06,Bochum,Bielefeld,2,1,1.0,1.0,H,2122
2022-05-07,FC Koln,Wolfsburg,0,1,0.0,1.0,A,2122
2022-05-07,Freiburg,Union Berlin,1,4,0.0,3.0,A,2122
2022-05-07,Greuther Furth,Dortmund,1,3,0.0,1.0,A,2122
2022-05-07,Hoffenheim,Leverkusen,2,4,2.0,1.0,A,2122
2022-05-07,Hertha,Mainz,1,2,1.0,1.0,A,2122
2022-05-08,Ein Frankfurt,M'gladbach,1,1,0.0,1.0,D,2122
2022-05-08,Bayern Munich,Stuttgart,2,2,2.0,1.0,D,2122
2022-05-08,RB Leipzig,Augsburg,4,0,1.0,0.0,H,2122
2022-05-14,Augsburg,Greuther Furth,2,1,1.0,1.0,H,2122
2022-05-14,Bielefeld,RB Leipzig,1,1,0.0,0.0,D,2122
2022-05-14,Dortmund,Hertha,2,1,0.0,1.0,H,2122
2022-05-14,Leverkusen,Freiburg,2,1,0.0,0.0,H,2122
2022-05-14,Mainz,Ein Frankfurt,2,2,1.0,2.0,D,2122
2022-05-14,M'gladbach,Hoffenheim,5,1,3.0,1.0,H,2122
2022-05-14,Stuttgart,FC Koln,2,1,1.0,0.0,H,2122
2022-05-14,Union Berlin,Bochum,3,2,2.0,0.0,H,2122
2022-05-14,Wolfsburg,Bayern Munich,2,2,1.0,2.0,D,2122
2022-08-05,Ein Frankfurt,Bayern Munich,1,6,0.0,5.0,A,2223
2022-08-06,Augsburg,Freiburg,0,4,0.0,0.0,A,2223
2022-08-06,Bochum,Mainz,1,2,1.0,1.0,A,2223
2022-08-06,M'gladbach,Hoffenheim,3,1,1.0,1.0,H,2223
2022-08-06,Union Berlin,Hertha,3,1,1.0,0.0,H,2223
2022-08-06,Wolfsburg,Werder Bremen,2,2,1.0,2.0,D,2223
2022-08-06,Dortmund,Leverkusen,1,0,1.0,0.0,H,2223
2022-08-07,Stuttgart,RB Leipzig,1,1,1.0,1.0,D,2223
2022-08-07,FC Koln,Schalke 04,3,1,0.0,0.0,H,2223
2022-08-12,Freiburg,Dortmund,1,3,1.0,0.0,A,2223
2022-08-13,Hertha,Ein Frankfurt,1,1,1.0,0.0,D,2223
2022-08-13,Hoffenheim,Bochum,3,2,2.0,2.0,H,2223
2022-08-13,Leverkusen,Augsburg,1,2,1.0,1.0,A,2223
2022-08-13,RB Leipzig,FC Koln,2,2,1.0,1.0,D,2223
2022-08-13,Werder Bremen,Stuttgart,2,2,1.0,1.0,D,2223
2022-08-13,Schalke 04,M'gladbach,2,2,1.0,0.0,D,2223
2022-08-14,Mainz,Union Berlin,0,0,0.0,0.0,D,2223
2022-08-14,Bayern Munich,Wolfsburg,2,0,2.0,0.0,H,2223
2022-08-19,M'gladbach,Hertha,1,0,1.0,0.0,H,2223
2022-08-20,Augsburg,Mainz,1,2,1.0,1.0,A,2223
2022-08-20,Dortmund,Werder Bremen,2,3,1.0,0.0,A,2223
2022-08-20,Leverkusen,Hoffenheim,0,3,0.0,2.0,A,2223
2022-08-20,Stuttgart,Freiburg,0,1,0.0,1.0,A,2223
2022-08-20,Wolfsburg,Schalke 04,0,0,0.0,0.0,D,2223
2022-08-20,Union Berlin,RB Leipzig,2,1,2.0,0.0,H,2223
2022-08-21,Ein Frankfurt,FC Koln,1,1,0.0,0.0,D,2223
2022-08-21,Bochum,Bayern Munich,0,7,0.0,4.0,A,2223
2022-08-26,Freiburg,Bochum,1,0,0.0,0.0,H,2223
2022-08-27,Hertha,Dortmund,0,1,0.0,1.0,A,2223
2022-08-27,Hoffenheim,Augsburg,1,0,1.0,0.0,H,2223
2022-08-27,Mainz,Leverkusen,0,3,0.0,3.0,A,2223
2022-08-27,RB Leipzig,Wolfsburg,2,0,1.0,0.0,H,2223
2022-08-27,Schalke 04,Union Berlin,1,6,1.0,3.0,A,2223
2022-08-27,Bayern Munich,M'gladbach,1,1,0.0,1.0,D,2223
2022-08-28,FC Koln,Stuttgart,0,0,0.0,0.0,D,2223
2022-08-28,Werder Bremen,Ein Frankfurt,3,4,2.0,3.0,A,2223
2022-09-02,Dortmund,Hoffenheim,1,0,1.0,0.0,H,2223
2022-09-03,Bochum,Werder Bremen,0,2,0.0,0.0,A,2223
2022-09-03,Leverkusen,Freiburg,2,3,1.0,0.0,A,2223
2022-09-03,Stuttgart,Schalke 04,1,1,1.0,1.0,D,2223
2022-09-03,Union Berlin,Bayern Munich,1,1,1.0,1.0,D,2223
2022-09-03,Wolfsburg,FC Koln,2,4,1.0,3.0,A,2223
2022-09-03,Ein Frankfurt,RB Leipzig,4,0,2.0,0.0,H,2223
2022-09-04,Augsburg,Hertha,0,2,0.0,0.0,A,2223
2022-09-04,M'gladbach,Mainz,0,1,0.0,0.0,A,2223
2022-09-09,Werder Bremen,Augsburg,0,1,0.0,0.0,A,2223
2022-09-10,Bayern Munich,Stuttgart,2,2,1.0,0.0,D,2223
2022-09-10,Ein Frankfurt,Wolfsburg,0,1,0.0,0.0,A,2223
2022-09-10,Hertha,Leverkusen,2,2,0.0,0.0,D,2223
2022-09-10,Hoffenheim,Mainz,4,1,0.0,0.0,H,2223
2022-09-10,RB Leipzig,Dortmund,3,0,2.0,0.0,H,2223
2022-09-10,Schalke 04,Bochum,3,1,1.0,0.0,H,2223
2022-09-11,FC Koln,Union Berlin,0,1,0.0,1.0,A,2223
2022-09-11,Freiburg,M'gladbach,0,0,0.0,0.0,D,2223
2022-09-16,Mainz,Hertha,1,1,0.0,1.0,D,2223
2022-09-17,Augsburg,Bayern Munich,1,0,0.0,0.0,H,2223
2022-09-17,Dortmund,Schalke 04,1,0,0.0,0.0,H,2223
2022-09-17,Leverkusen,Werder Bremen,1,1,0.0,0.0,D,2223
2022-09-17,Stuttgart,Ein Frankfurt,1,3,0.0,1.0,A,2223
2022-09-17,M'gladbach,RB Leipzig,3,0,2.0,0.0,H,2223
2022-09-18,Union Berlin,Wolfsburg,2,0,0.0,0.0,H,2223
2022-09-18,Bochum,FC Koln,1,1,1.0,0.0,D,2223
2022-09-18,Hoffenheim,Freiburg,0,0,0.0,0.0,D,2223
2022-09-30,Bayern Munich,Leverkusen,4,0,3.0,0.0,H,2223
2022-10-01,Ein Frankfurt,Union Berlin,2,0,2.0,0.0,H,2223
2022-10-01,FC Koln,Dortmund,3,2,0.0,1.0,H,2223
2022-10-01,Freiburg,Mainz,2,1,2.0,0.0,H,2223
2022-10-01,RB Leipzig,Bochum,4,0,2.0,0.0,H,2223
2022-10-01,Wolfsburg,Stuttgart,3,2,2.0,2.0,H,2223
2022-10-01,Werder Bremen,M'gladbach,5,1,4.0,0.0,H,2223
2022-10-02,Hertha,Hoffenheim,1,1,1.0,1.0,D,2223
2022-10-02,Schalke 04,Augsburg,2,3,1.0,2.0,A,2223
2022-10-07,Hoffenheim,Werder Bremen,1,2,1.0,1.0,A,2223
2022-10-08,Augsburg,Wolfsburg,1,1,0.0,1.0,D,2223
2022-10-08,Bochum,Ein Frankfurt,3,0,0.0,0.0,H,2223
2022-10-08,Leverkusen,Schalke 04,4,0,2.0,0.0,H,2223
2022-10-08,Mainz,RB Leipzig,1,1,1.0,0.0,D,2223
2022-10-08,Dortmund,Bayern Munich,2,2,0.0,1.0,D,2223
2022-10-09,M'gladbach,FC Koln,5,2,2.0,1.0,H,2223
2022-10-09,Hertha,Freiburg,2,2,1.0,1.0,D,2223
2022-10-09,Stuttgart,Union Berlin,0,1,0.0,0.0,A,2223
2022-10-14,Schalke 04,Hoffenheim,0,3,0.0,2.0,A,2223
2022-10-15,Ein Frankfurt,Leverkusen,5,1,1.0,0.0,H,2223
2022-10-15,Stuttgart,Bochum,4,1,2.0,1.0,H,2223
2022-10-15,Werder Bremen,Mainz,0,2,0.0,1.0,A,2223
2022-10-15,Wolfsburg,M'gladbach,2,2,1.0,1.0,D,2223
2022-10-15,RB Leipzig,Hertha,3,2,3.0,0.0,H,2223
2022-10-16,FC Koln,Augsburg,3,2,0.0,1.0,H,2223
2022-10-16,Union Berlin,Dortmund,2,0,2.0,0.0,H,2223
2022-10-16,Bayern Munich,Freiburg,5,0,2.0,0.0,H,2223
2022-10-21,Mainz,FC Koln,5,0,3.0,0.0,H,2223
2022-10-22,Augsburg,RB Leipzig,3,3,1.0,0.0,D,2223
2022-10-22,Dortmund,Stuttgart,5,0,3.0,0.0,H,2223
2022-10-22,Freiburg,Werder Bremen,2,0,0.0,0.0,H,2223
2022-10-22,Hoffenheim,Bayern Munich,0,2,0.0,2.0,A,2223
2022-10-22,Leverkusen,Wolfsburg,2,2,1.0,1.0,D,2223
2022-10-22,M'gladbach,Ein Frankfurt,1,3,0.0,3.0,A,2223
2022-10-23,Bochum,Union Berlin,2,1,1.0,0.0,H,2223
2022-10-23,Hertha,Schalke 04,2,1,0.0,0.0,H,2223
2022-10-28,Werder Bremen,Hertha,1,0,0.0,0.0,H,2223
2022-10-29,Bayern Munich,Mainz,6,2,3.0,1.0,H,2223
2022-10-29,RB Leipzig,Leverkusen,2,0,1.0,0.0,H,2223
2022-10-29,Stuttgart,Augsburg,2,1,1.0,1.0,H,2223
2022-10-29,Wolfsburg,Bochum,4,0,2.0,0.0,H,2223
2022-10-29,Ein Frankfurt,Dortmund,1,2,1.0,1.0,A,2223
2022-10-30,Union Berlin,M'gladbach,2,1,0.0,1.0,H,2223
2022-10-30,Schalke 04,Freiburg,0,2,0.0,1.0,A,2223
2022-10-30,FC Koln,Hoffenheim,1,1,1.0,1.0,D,2223
2022-11-04,M'gladbach,Stuttgart,3,1,2.0,1.0,H,2223
2022-11-05,Augsburg,Ein Frankfurt,1,2,1.0,1.0,A,2223
2022-11-05,Dortmund,Bochum,3,0,3.0,0.0,H,2223
2022-11-05,Hertha,Bayern Munich,2,3,2.0,3.0,A,2223
2022-11-05,Hoffenheim,RB Leipzig,1,3,0.0,1.0,A,2223
2022-11-05,Mainz,Wolfsburg,0,3,0.0,1.0,A,2223
2022-11-05,Werder Bremen,Schalke 04,2,1,1.0,0.0,H,2223
2022-11-06,Leverkusen,Union Berlin,5,0,0.0,0.0,H,2223
2022-11-06,Freiburg,FC Koln,2,0,0.0,0.0,H,2223
2022-11-08,Wolfsburg,Dortmund,2,0,1.0,0.0,H,2223
2022-11-08,Bayern Munich,Werder Bremen,6,1,4.0,1.0,H,2223
2022-11-08,Bochum,M'gladbach,2,1,2.0,0.0,H,2223
2022-11-08,Stuttgart,Hertha,2,1,1.0,1.0,H,2223
2022-11-09,FC Koln,Leverkusen,1,2,1.0,0.0,A,2223
2022-11-09,Ein Frankfurt,Hoffenheim,4,2,3.0,1.0,H,2223
2022-11-09,RB Leipzig,Freiburg,3,1,0.0,0.0,H,2223
2022-11-09,Schalke 04,Mainz,1,0,1.0,0.0,H,2223
2022-11-09,Union Berlin,Augsburg,2,2,2.0,2.0,D,2223
2022-11-11,M'gladbach,Dortmund,4,2,3.0,2.0,H,2223
2022-11-12,Augsburg,Bochum,0,1,0.0,0.0,A,2223
2022-11-12,Hertha,FC Koln,2,0,1.0,0.0,H,2223
2022-11-12,Hoffenheim,Wolfsburg,1,2,1.0,1.0,A,2223
2022-11-12,Leverkusen,Stuttgart,2,0,1.0,0.0,H,2223
2022-11-12,Werder Bremen,RB Leipzig,1,2,0.0,1.0,A,2223
2022-11-12,Schalke 04,Bayern Munich,0,2,0.0,1.0,A,2223
2022-11-13,Mainz,Ein Frankfurt,1,1,1.0,0.0,D,2223
2022-11-13,Freiburg,Union Berlin,4,1,4.0,0.0,H,2223
2023-01-20,RB Leipzig,Bayern Munich,1,1,0.0,1.0,D,2223
2023-01-21,Bochum,Hertha,3,1,2.0,0.0,H,2223
2023-01-21,Ein Frankfurt,Schalke 04,3,0,1.0,0.0,H,2223
2023-01-21,Stuttgart,Mainz,1,1,1.0,1.0,D,2223
2023-01-21,Union Berlin,Hoffenheim,3,1,0.0,1.0,H,2223
2023-01-21,Wolfsburg,Freiburg,6,0,3.0,0.0,H,2223
2023-01-21,FC Koln,Werder Bremen,7,1,5.0,1.0,H,2223
2023-01-22,Dortmund,Augsburg,4,3,2.0,2.0,H,2223
2023-01-22,M'gladbach,Leverkusen,2,3,0.0,2.0,A,2223
2023-01-24,Schalke 04,RB Leipzig,1,6,0.0,4.0,A,2223
2023-01-24,Bayern Munich,FC Koln,1,1,0.0,1.0,D,2223
2023-01-24,Hertha,Wolfsburg,0,5,0.0,3.0,A,2223
2023-01-24,Hoffenheim,Stuttgart,2,2,1.0,1.0,D,2223
2023-01-25,Mainz,Dortmund,1,2,1.0,1.0,A,2223
2023-01-25,Augsburg,M'gladbach,1,0,0.0,0.0,H,2223
2023-01-25,Freiburg,Ein Frankfurt,1,1,0.0,1.0,D,2223
2023-01-25,Leverkusen,Bochum,2,0,1.0,0.0,H,2223
2023-01-25,Werder Bremen,Union Berlin,1,2,1.0,1.0,A,2223
2023-01-27,RB Leipzig,Stuttgart,2,1,1.0,0.0,H,2223
2023-01-28,Freiburg,Augsburg,3,1,2.0,1.0,H,2223
2023-01-28,Hertha,Union Berlin,0,2,0.0,1.0,A,2223
2023-01-28,Hoffenheim,M'gladbach,1,4,0.0,2.0,A,2223
2023-01-28,Mainz,Bochum,5,2,3.0,0.0,H,2223
2023-01-28,Werder Bremen,Wolfsburg,2,1,1.0,0.0,H,2223
2023-01-28,Bayern Munich,Ein Frankfurt,1,1,1.0,0.0,D,2223
2023-01-29,Schalke 04,FC Koln,0,0,0.0,0.0,D,2223
2023-01-29,Leverkusen,Dortmund,0,2,0.0,1.0,A,2223
2023-02-03,Augsburg,Leverkusen,1,0,0.0,0.0,H,2223
2023-02-04,Bochum,Hoffenheim,5,2,3.0,0.0,H,2223
2023-02-04,Dortmund,Freiburg,5,1,1.0,1.0,H,2223
2023-02-04,Ein Frankfurt,Hertha,3,0,2.0,0.0,H,2223
2023-02-04,FC Koln,RB Leipzig,0,0,0.0,0.0,D,2223
2023-02-04,Union Berlin,Mainz,2,1,1.0,0.0,H,2223
2023-02-04,M'gladbach,Schalke 04,0,0,0.0,0.0,D,2223
2023-02-05,Stuttgart,Werder Bremen,0,2,0.0,0.0,A,2223
2023-02-05,Wolfsburg,Bayern Munich,2,4,1.0,3.0,A,2223
2023-02-10,Schalke 04,Wolfsburg,0,0,0.0,0.0,D,2223
2023-02-11,Bayern Munich,Bochum,3,0,1.0,0.0,H,2223
2023-02-11,Freiburg,Stuttgart,2,1,0.0,1.0,H,2223
2023-02-11,Hoffenheim,Leverkusen,1,3,0.0,1.0,A,2223
2023-02-11,Mainz,Augsburg,3,1,2.0,1.0,H,2223
2023-02-11,Werder Bremen,Dortmund,0,2,0.0,0.0,A,2223
2023-02-11,RB Leipzig,Union Berlin,1,2,1.0,0.0,A,2223
2023-02-12,Hertha,M'gladbach,4,1,1.0,1.0,H,2223
2023-02-12,FC Koln,Ein Frankfurt,3,0,0.0,0.0,H,2223
2023-02-17,Augsburg,Hoffenheim,1,0,0.0,0.0,H,2223
2023-02-18,Bochum,Freiburg,0,2,0.0,1.0,A,2223
2023-02-18,M'gladbach,Bayern Munich,3,2,1.0,1.0,H,2223
2023-02-18,Stuttgart,FC Koln,3,0,1.0,0.0,H,2223
2023-02-18,Wolfsburg,RB Leipzig,0,3,0.0,1.0,A,2223
2023-02-18,Ein Frankfurt,Werder Bremen,2,0,1.0,0.0,H,2223
2023-02-19,Union Berlin,Schalke 04,0,0,0.0,0.0,D,2223
2023-02-19,Dortmund,Hertha,4,1,2.0,0.0,H,2223
2023-02-19,Leverkusen,Mainz,2,3,1.0,2.0,A,2223
2023-02-24,Mainz,M'gladbach,4,0,1.0,0.0,H,2223
2023-02-25,FC Koln,Wolfsburg,0,2,0.0,1.0,A,2223
2023-02-25,Hertha,Augsburg,2,0,0.0,0.0,H,2223
2023-02-25,Hoffenheim,Dortmund,0,1,0.0,1.0,A,2223
2023-02-25,RB Leipzig,Ein Frankfurt,2,1,2.0,0.0,H,2223
2023-02-25,Werder Bremen,Bochum,3,0,2.0,0.0,H,2223
2023-02-25,Schalke 04,Stuttgart,2,1,2.0,0.0,H,2223
2023-02-26,Freiburg,Leverkusen,1,1,1.0,0.0,D,2223
2023-02-26,Bayern Munich,Union Berlin,3,0,3.0,0.0,H,2223
2023-03-03,Dortmund,RB Leipzig,2,1,2.0,0.0,H,2223
2023-03-04,Augsburg,Werder Bremen,2,1,1.0,1.0,H,2223
2023-03-04,Bochum,Schalke 04,0,2,0.0,1.0,A,2223
2023-03-04,Mainz,Hoffenheim,1,0,1.0,0.0,H,2223
2023-03-04,M'gladbach,Freiburg,0,0,0.0,0.0,D,2223
2023-03-04,Union Berlin,FC Koln,0,0,0.0,0.0,D,2223
2023-03-04,Stuttgart,Bayern Munich,1,2,0.0,1.0,A,2223
2023-03-05,Leverkusen,Hertha,4,1,2.0,0.0,H,2223
2023-03-05,Wolfsburg,Ein Frankfurt,2,2,2.0,2.0,D,2223
2023-03-10,FC Koln,Bochum,0,2,0.0,1.0,A,2223
2023-03-11,Bayern Munich,Augsburg,5,3,4.0,1.0,H,2223
2023-03-11,Ein Frankfurt,Stuttgart,1,1,0.0,0.0,D,2223
2023-03-11,Hertha,Mainz,1,1,1.0,0.0,D,2223
2023-03-11,RB Leipzig,M'gladbach,3,0,0.0,0.0,H,2223
2023-03-11,Schalke 04,Dortmund,2,2,0.0,1.0,D,2223
2023-03-12,Freiburg,Hoffenheim,2,1,1.0,0.0,H,2223
2023-03-12,Werder Bremen,Leverkusen,2,3,1.0,1.0,A,2223
2023-03-12,Wolfsburg,Union Berlin,1,1,0.0,0.0,D,2223
2023-03-17,M'gladbach,Werder Bremen,2,2,0.0,0.0,D,2223
2023-03-18,Augsburg,Schalke 04,1,1,0.0,0.0,D,2223
2023-03-18,Bochum,RB Leipzig,1,0,0.0,0.0,H,2223
2023-03-18,Hoffenheim,Hertha,3,1,2.0,0.0,H,2223
2023-03-18,Stuttgart,Wolfsburg,0,1,0.0,0.0,A,2223
2023-03-18,Dortmund,FC Koln,6,1,4.0,1.0,H,2223
2023-03-19,Union Berlin,Ein Frankfurt,2,0,0.0,0.0,H,2223
2023-03-19,Leverkusen,Bayern Munich,2,1,0.0,1.0,H,2223
2023-03-19,Mainz,Freiburg,1,1,0.0,0.0,D,2223
2023-03-31,Ein Frankfurt,Bochum,1,1,1.0,1.0,D,2223
2023-04-01,Freiburg,Hertha,1,1,0.0,0.0,D,2223
2023-04-01,RB Leipzig,Mainz,0,3,0.0,1.0,A,2223
2023-04-01,Schalke 04,Leverkusen,0,3,0.0,0.0,A,2223
2023-04-01,Union Berlin,Stuttgart,3,0,0.0,0.0,H,2223
2023-04-01,Wolfsburg,Augsburg,2,2,0.0,2.0,D,2223
2023-04-01,Bayern Munich,Dortmund,4,2,3.0,0.0,H,2223
2023-04-02,FC Koln,M'gladbach,0,0,0.0,0.0,D,2223
2023-04-02,Werder Bremen,Hoffenheim,1,2,0.0,0.0,A,2223
2023-04-08,Augsburg,FC Koln,1,3,1.0,2.0,A,2223
2023-04-08,Dortmund,Union Berlin,2,1,1.0,0.0,H,2223
2023-04-08,Freiburg,Bayern Munich,0,1,0.0,0.0,A,2223
2023-04-08,Leverkusen,Ein Frankfurt,3,1,2.0,0.0,H,2223
2023-04-08,Mainz,Werder Bremen,2,2,0.0,0.0,D,2223
2023-04-08,Hertha,RB Leipzig,0,1,0.0,1.0,A,2223
2023-04-09,M'gladbach,Wolfsburg,2,0,1.0,0.0,H,2223
2023-04-09,Bochum,Stuttgart,2,3,0.0,1.0,A,2223
2023-04-09,Hoffenheim,Schalke 04,2,0,1.0,0.0,H,2223
2023-04-14,Schalke 04,Hertha,5,2,2.0,1.0,H,2223
2023-04-15,Bayern Munich,Hoffenheim,1,1,1.0,0.0,D,2223
2023-04-15,FC Koln,Mainz,1,1,0.0,1.0,D,2223
2023-04-15,RB Leipzig,Augsburg,3,2,3.0,1.0,H,2223
2023-04-15,Stuttgart,Dortmund,3,3,0.0,2.0,D,2223
2023-04-15,Ein Frankfurt,M'gladbach,1,1,0.0,1.0,D,2223
2023-04-16,Werder Bremen,Freiburg,1,2,0.0,0.0,A,2223
2023-04-16,Union Berlin,Bochum,1,1,1.0,0.0,D,2223
2023-04-16,Wolfsburg,Leverkusen,0,0,0.0,0.0,D,2223
2023-04-21,Augsburg,Stuttgart,1,1,1.0,0.0,D,2223
2023-04-22,Bochum,Wolfsburg,1,5,0.0,3.0,A,2223
2023-04-22,Hertha,Werder Bremen,2,4,0.0,2.0,A,2223
2023-04-22,Hoffenheim,FC Koln,1,3,0.0,2.0,A,2223
2023-04-22,Mainz,Bayern Munich,3,1,0.0,1.0,H,2223
2023-04-22,Dortmund,Ein Frankfurt,4,0,3.0,0.0,H,2223
2023-04-23,Freiburg,Schalke 04,4,0,2.0,0.0,H,2223
2023-04-23,Leverkusen,RB Leipzig,2,0,1.0,0.0,H,2223
2023-04-23,M'gladbach,Union Berlin,0,1,0.0,0.0,A,2223
2023-04-28,Bochum,Dortmund,1,1,1.0,1.0,D,2223
2023-04-29,Ein Frankfurt,Augsburg,1,1,1.0,0.0,D,2223
2023-04-29,FC Koln,Freiburg,0,1,0.0,0.0,A,2223
2023-04-29,RB Leipzig,Hoffenheim,1,0,1.0,0.0,H,2223
2023-04-29,Stuttgart,M'gladbach,2,1,1.0,0.0,H,2223
2023-04-29,Union Berlin,Leverkusen,0,0,0.0,0.0,D,2223
2023-04-29,Schalke 04,Werder Bremen,2,1,0.0,1.0,H,2223
2023-04-30,Bayern Munich,Hertha,2,0,0.0,0.0,H,2223
2023-04-30,Wolfsburg,Mainz,3,0,3.0,0.0,H,2223
2023-05-05,Leverkusen,FC Koln,1,2,1.0,2.0,A,2223
2023-05-05,Mainz,Schalke 04,2,3,0.0,1.0,A,2223
2023-05-06,Augsburg,Union Berlin,1,0,0.0,0.0,H,2223
2023-05-06,Freiburg,RB Leipzig,0,1,0.0,0.0,A,2223
2023-05-06,Hertha,Stuttgart,2,1,2.0,1.0,H,2223
2023-05-06,Hoffenheim,Ein Frankfurt,3,1,3.0,0.0,H,2223
2023-05-06,M'gladbach,Bochum,2,0,1.0,0.0,H,2223
2023-05-06,Werder Bremen,Bayern Munich,1,2,0.0,0.0,A,2223
2023-05-07,Dortmund,Wolfsburg,6,0,3.0,0.0,H,2223
2023-05-12,FC Koln,Hertha,5,2,3.0,2.0,H,2223
2023-05-13,Bayern Munich,Schalke 04,6,0,2.0,0.0,H,2223
2023-05-13,Bochum,Augsburg,3,2,1.0,1.0,H,2223
2023-05-13,Ein Frankfurt,Mainz,3,0,2.0,0.0,H,2223
2023-05-13,Union Berlin,Freiburg,4,2,3.0,0.0,H,2223
2023-05-13,Wolfsburg,Hoffenheim,2,1,1.0,0.0,H,2223
2023-05-13,Dortmund,M'gladbach,5,2,4.0,0.0,H,2223
2023-05-14,Stuttgart,Leverkusen,1,1,0.0,0.0,D,2223
2023-05-14,RB Leipzig,Werder Bremen,2,1,0.0,0.0,H,2223
2023-05-19,Freiburg,Wolfsburg,2,0,0.0,0.0,H,2223
2023-05-20,Hertha,Bochum,1,1,0.0,0.0,D,2223
2023-05-20,Hoffenheim,Union Berlin,4,2,2.0,1.0,H,2223
2023-05-20,Schalke 04,Ein Frankfurt,2,2,1.0,1.0,D,2223
2023-05-20,Werder Bremen,FC Koln,1,1,0.0,1.0,D,2223
2023-05-20,Bayern Munich,RB Leipzig,1,3,1.0,0.0,A,2223
2023-05-21,Mainz,Stuttgart,1,4,1.0,1.0,A,2223
2023-05-21,Augsburg,Dortmund,0,3,0.0,0.0,A,2223
2023-05-21,Leverkusen,M'gladbach,2,2,2.0,0.0,D,2223
2023-05-27,Bochum,Leverkusen,3,0,2.0,0.0,H,2223
2023-05-27,Dortmund,Mainz,2,2,0.0,2.0,D,2223
2023-05-27,Ein Frankfurt,Freiburg,2,1,0.0,1.0,H,2223
2023-05-27,FC Koln,Bayern Munich,1,2,0.0,1.0,A,2223
2023-05-27,M'gladbach,Augsburg,2,0,2.0,0.0,H,2223
2023-05-27,RB Leipzig,Schalke 04,4,2,2.0,1.0,H,2223
2023-05-27,Stuttgart,Hoffenheim,1,1,0.0,0.0,D,2223
2023-05-27,Union Berlin,Werder Bremen,1,0,0.0,0.0,H,2223
2023-05-27,Wolfsburg,Hertha,1,2,1.0,0.0,A,2223
2023-08-18,Werder Bremen,Bayern Munich,0,4,0.0,1.0,A,2324
2023-08-19,Augsburg,M'gladbach,4,4,3.0,3.0,D,2324
2023-08-19,Hoffenheim,Freiburg,1,2,0.0,2.0,A,2324
2023-08-19,Leverkusen,RB Leipzig,3,2,2.0,1.0,H,2324
2023-08-19,Stuttgart,Bochum,5,0,2.0,0.0,H,2324
2023-08-19,Wolfsburg,Heidenheim,2,0,2.0,0.0,H,2324
2023-08-19,Dortmund,FC Koln,1,0,0.0,0.0,H,2324
2023-08-20,Union Berlin,Mainz,4,1,2.0,0.0,H,2324
2023-08-20,Ein Frankfurt,Darmstadt,1,0,1.0,0.0,H,2324
2023-08-25,RB Leipzig,Stuttgart,5,1,0.0,1.0,H,2324
2023-08-26,Bochum,Dortmund,1,1,1.0,0.0,D,2324
2023-08-26,Darmstadt,Union Berlin,1,4,1.0,3.0,A,2324
2023-08-26,FC Koln,Wolfsburg,1,2,0.0,0.0,A,2324
2023-08-26,Freiburg,Werder Bremen,1,0,0.0,0.0,H,2324
2023-08-26,Heidenheim,Hoffenheim,2,3,1.0,0.0,A,2324
2023-08-26,M'gladbach,Leverkusen,0,3,0.0,2.0,A,2324
2023-08-27,Mainz,Ein Frankfurt,1,1,1.0,0.0,D,2324
2023-08-27,Bayern Munich,Augsburg,3,1,2.0,0.0,H,2324
2023-09-01,Dortmund,Heidenheim,2,2,2.0,0.0,D,2324
2023-09-02,Augsburg,Bochum,2,2,1.0,1.0,D,2324
2023-09-02,Hoffenheim,Wolfsburg,3,1,1.0,1.0,H,2324
2023-09-02,Leverkusen,Darmstadt,5,1,1.0,1.0,H,2324
2023-09-02,Stuttgart,Freiburg,5,0,3.0,0.0,H,2324
2023-09-02,Werder Bremen,Mainz,4,0,1.0,0.0,H,2324
2023-09-02,M'gladbach,Bayern Munich,1,2,1.0,0.0,A,2324
2023-09-03,Ein Frankfurt,FC Koln,1,1,0.0,1.0,D,2324
2023-09-03,Union Berlin,RB Leipzig,0,3,0.0,0.0,A,2324
2023-09-15,Bayern Munich,Leverkusen,2,2,1.0,1.0,D,2324
2023-09-16,FC Koln,Hoffenheim,1,3,0.0,2.0,A,2324
2023-09-16,Freiburg,Dortmund,2,4,2.0,1.0,A,2324
2023-09-16,Mainz,Stuttgart,1,3,0.0,0.0,A,2324
2023-09-16,RB Leipzig,Augsburg,3,0,3.0,0.0,H,2324
2023-09-16,Wolfsburg,Union Berlin,2,1,2.0,1.0,H,2324
2023-09-16,Bochum,Ein Frankfurt,1,1,0.0,0.0,D,2324
2023-09-17,Heidenheim,Werder Bremen,4,2,2.0,0.0,H,2324
2023-09-17,Darmstadt,M'gladbach,3,3,3.0,0.0,D,2324
2023-09-22,Stuttgart,Darmstadt,3,1,2.0,1.0,H,2324
2023-09-23,Augsburg,Mainz,2,1,2.0,1.0,H,2324
2023-09-23,Bayern Munich,Bochum,7,0,4.0,0.0,H,2324
2023-09-23,Dortmund,Wolfsburg,1,0,0.0,0.0,H,2324
2023-09-23,M'gladbach,RB Leipzig,0,1,0.0,0.0,A,2324
2023-09-23,Union Berlin,Hoffenheim,0,2,0.0,2.0,A,2324
2023-09-23,Werder Bremen,FC Koln,2,1,1.0,1.0,H,2324
2023-09-24,Leverkusen,Heidenheim,4,1,1.0,0.0,H,2324
2023-09-24,Ein Frankfurt,Freiburg,0,0,0.0,0.0,D,2324
2023-09-29,Hoffenheim,Dortmund,1,3,1.0,2.0,A,2324
2023-09-30,Bochum,M'gladbach,1,3,0.0,3.0,A,2324
2023-09-30,FC Koln,Stuttgart,0,2,0.0,0.0,A,2324
2023-09-30,Heidenheim,Union Berlin,1,0,0.0,0.0,H,2324
2023-09-30,Mainz,Leverkusen,0,3,0.0,1.0,A,2324
2023-09-30,Wolfsburg,Ein Frankfurt,2,0,1.0,0.0,H,2324
2023-09-30,RB Leipzig,Bayern Munich,2,2,2.0,0.0,D,2324
2023-10-01,Darmstadt,Werder Bremen,4,2,2.0,0.0,H,2324
2023-10-01,Freiburg,Augsburg,2,0,1.0,0.0,H,2324
2023-10-06,M'gladbach,Mainz,2,2,1.0,1.0,D,2324
2023-10-07,Augsburg,Darmstadt,1,2,0.0,0.0,A,2324
2023-10-07,Dortmund,Union Berlin,4,2,1.0,2.0,H,2324
2023-10-07,RB Leipzig,Bochum,0,0,0.0,0.0,D,2324
2023-10-07,Stuttgart,Wolfsburg,3,1,0.0,1.0,H,2324
2023-10-07,Werder Bremen,Hoffenheim,2,3,1.0,2.0,A,2324
2023-10-08,Leverkusen,FC Koln,3,0,2.0,0.0,H,2324
2023-10-08,Bayern Munich,Freiburg,3,0,2.0,0.0,H,2324
2023-10-08,Ein Frankfurt,Heidenheim,2,0,1.0,0.0,H,2324
2023-10-20,Dortmund,Werder Bremen,1,0,0.0,0.0,H,2324
2023-10-21,Darmstadt,RB Leipzig,1,3,1.0,2.0,A,2324
2023-10-21,Freiburg,Bochum,2,1,2.0,1.0,H,2324
2023-10-21,Hoffenheim,Ein Frankfurt,1,3,1.0,3.0,A,2324
2023-10-21,Union Berlin,Stuttgart,0,3,0.0,1.0,A,2324
2023-10-21,Wolfsburg,Leverkusen,1,2,1.0,1.0,A,2324
2023-10-21,Mainz,Bayern Munich,1,3,1.0,2.0,A,2324
2023-10-22,FC Koln,M'gladbach,3,1,1.0,0.0,H,2324
2023-10-22,Heidenheim,Augsburg,2,5,2.0,3.0,A,2324
2023-10-27,Bochum,Mainz,2,2,1.0,0.0,D,2324
2023-10-28,Augsburg,Wolfsburg,3,2,1.0,2.0,H,2324
2023-10-28,Bayern Munich,Darmstadt,8,0,0.0,0.0,H,2324
2023-10-28,M'gladbach,Heidenheim,2,1,1.0,1.0,H,2324
2023-10-28,Stuttgart,Hoffenheim,2,3,0.0,2.0,A,2324
2023-10-28,Werder Bremen,Union Berlin,2,0,1.0,0.0,H,2324
2023-10-28,RB Leipzig,FC Koln,6,0,4.0,0.0,H,2324
2023-10-29,Ein Frankfurt,Dortmund,3,3,2.0,1.0,D,2324
2023-10-29,Leverkusen,Freiburg,2,1,1.0,0.0,H,2324
2023-11-03,Darmstadt,Bochum,1,2,1.0,1.0,A,2324
2023-11-04,FC Koln,Augsburg,1,1,1.0,1.0,D,2324
2023-11-04,Freiburg,M'gladbach,3,3,1.0,3.0,D,2324
2023-11-04,Hoffenheim,Leverkusen,2,3,0.0,2.0,A,2324
2023-11-04,Mainz,RB Leipzig,2,0,0.0,0.0,H,2324
2023-11-04,Union Berlin,Ein Frankfurt,0,3,0.0,2.0,A,2324
2023-11-04,Dortmund,Bayern Munich,0,4,0.0,2.0,A,2324
2023-11-05,Wolfsburg,Werder Bremen,2,2,1.0,1.0,D,2324
2023-11-05,Heidenheim,Stuttgart,2,0,0.0,0.0,H,2324
2023-11-10,M'gladbach,Wolfsburg,4,0,2.0,0.0,H,2324
2023-11-11,Augsburg,Hoffenheim,1,1,0.0,1.0,D,2324
2023-11-11,Bayern Munich,Heidenheim,4,2,2.0,0.0,H,2324
2023-11-11,Darmstadt,Mainz,0,0,0.0,0.0,D,2324
2023-11-11,Stuttgart,Dortmund,2,1,1.0,1.0,H,2324
2023-11-11,Bochum,FC Koln,1,1,1.0,0.0,D,2324
2023-11-12,Leverkusen,Union Berlin,4,0,1.0,0.0,H,2324
2023-11-12,Werder Bremen,Ein Frankfurt,2,2,1.0,0.0,D,2324
2023-11-12,RB Leipzig,Freiburg,3,1,1.0,1.0,H,2324
2023-11-24,FC Koln,Bayern Munich,0,1,0.0,1.0,A,2324
2023-11-25,Dortmund,M'gladbach,4,2,3.0,2.0,H,2324
2023-11-25,Freiburg,Darmstadt,1,1,1.0,1.0,D,2324
2023-11-25,Union Berlin,Augsburg,1,1,0.0,1.0,D,2324
2023-11-25,Werder Bremen,Leverkusen,0,3,0.0,2.0,A,2324
2023-11-25,Wolfsburg,RB Leipzig,2,1,1.0,0.0,H,2324
2023-11-25,Ein Frankfurt,Stuttgart,1,2,1.0,2.0,A,2324
2023-11-26,Heidenheim,Bochum,0,0,0.0,0.0,D,2324
2023-11-26,Hoffenheim,Mainz,1,1,0.0,1.0,D,2324
2023-12-01,Darmstadt,FC Koln,0,1,0.0,0.0,A,2324
2023-12-02,Bochum,Wolfsburg,3,1,2.0,1.0,H,2324
2023-12-02,M'gladbach,Hoffenheim,2,1,0.0,0.0,H,2324
2023-12-02,RB Leipzig,Heidenheim,2,1,2.0,1.0,H,2324
2023-12-02,Stuttgart,Werder Bremen,2,0,1.0,0.0,H,2324
2023-12-03,Mainz,Freiburg,0,1,0.0,0.0,A,2324
2023-12-03,Leverkusen,Dortmund,1,1,0.0,1.0,D,2324
2023-12-03,Augsburg,Ein Frankfurt,2,1,1.0,0.0,H,2324
2023-12-08,Hoffenheim,Bochum,3,1,2.0,0.0,H,2324
2023-12-09,Ein Frankfurt,Bayern Munich,5,1,3.0,1.0,H,2324
2023-12-09,Heidenheim,Darmstadt,3,2,1.0,0.0,H,2324
2023-12-09,Union Berlin,M'gladbach,3,1,1.0,0.0,H,2324
2023-12-09,Werder Bremen,Augsburg,2,0,1.0,0.0,H,2324
2023-12-09,Wolfsburg,Freiburg,0,1,0.0,0.0,A,2324
2023-12-09,Dortmund,RB Leipzig,2,3,1.0,1.0,A,2324
2023-12-10,Stuttgart,Leverkusen,1,1,1.0,0.0,D,2324
2023-12-10,FC Koln,Mainz,0,0,0.0,0.0,D,2324
2023-12-15,M'gladbach,Werder Bremen,2,2,1.0,1.0,D,2324
2023-12-16,Augsburg,Dortmund,1,1,1.0,1.0,D,2324
2023-12-16,Bochum,Union Berlin,3,0,1.0,0.0,H,2324
2023-12-16,Darmstadt,Wolfsburg,0,1,0.0,0.0,A,2324
2023-12-16,Mainz,Heidenheim,0,1,0.0,1.0,A,2324
2023-12-16,RB Leipzig,Hoffenheim,3,1,1.0,1.0,H,2324
2023-12-17,Freiburg,FC Koln,2,0,0.0,0.0,H,2324
2023-12-17,Leverkusen,Ein Frankfurt,3,0,1.0,0.0,H,2324
2023-12-17,Bayern Munich,Stuttgart,3,0,1.0,0.0,H,2324
2023-12-19,Werder Bremen,RB Leipzig,1,1,0.0,0.0,D,2324
2023-12-19,Dortmund,Mainz,1,1,1.0,1.0,D,2324
2023-12-19,Hoffenheim,Darmstadt,3,3,2.0,1.0,D,2324
2023-12-20,Union Berlin,FC Koln,2,0,0.0,0.0,H,2324
2023-12-20,Ein Frankfurt,M'gladbach,2,1,0.0,1.0,H,2324
2023-12-20,Heidenheim,Freiburg,3,2,0.0,1.0,H,2324
2023-12-20,Leverkusen,Bochum,4,0,3.0,0.0,H,2324
2023-12-20,Stuttgart,Augsburg,3,0,2.0,0.0,H,2324
2023-12-20,Wolfsburg,Bayern Munich,1,2,1.0,2.0,A,2324
2024-01-12,Bayern Munich,Hoffenheim,3,0,1.0,0.0,H,2324
2024-01-13,Augsburg,Leverkusen,0,1,0.0,0.0,A,2324
2024-01-13,FC Koln,Heidenheim,1,1,1.0,0.0,D,2324
2024-01-13,Freiburg,Union Berlin,0,0,0.0,0.0,D,2324
2024-01-13,Mainz,Wolfsburg,1,1,0.0,1.0,D,2324
2024-01-13,RB Leipzig,Ein Frankfurt,0,1,0.0,1.0,A,2324
2024-01-13,Darmstadt,Dortmund,0,3,0.0,1.0,A,2324
2024-01-14,Bochum,Werder Bremen,1,1,0.0,0.0,D,2324
2024-01-14,M'gladbach,Stuttgart,3,1,2.0,0.0,H,2324
2024-01-20,Bochum,Stuttgart,1,0,0.0,0.0,H,2324
2024-01-20,Darmstadt,Ein Frankfurt,2,2,0.0,1.0,D,2324
2024-01-20,FC Koln,Dortmund,0,4,0.0,1.0,A,2324
2024-01-20,Freiburg,Hoffenheim,3,2,1.0,0.0,H,2324
2024-01-20,Heidenheim,Wolfsburg,1,1,1.0,1.0,D,2324
2024-01-20,RB Leipzig,Leverkusen,2,3,1.0,0.0,A,2324
2024-01-21,Bayern Munich,Werder Bremen,0,1,0.0,0.0,A,2324
2024-01-21,M'gladbach,Augsburg,1,2,1.0,0.0,A,2324
2024-01-24,Bayern Munich,Union Berlin,1,0,0.0,0.0,H,2324
2024-01-26,Ein Frankfurt,Mainz,1,0,0.0,0.0,H,2324
2024-01-27,Augsburg,Bayern Munich,2,3,0.0,2.0,A,2324
2024-01-27,Hoffenheim,Heidenheim,1,1,1.0,1.0,D,2324
2024-01-27,Stuttgart,RB Leipzig,5,2,2.0,1.0,H,2324
2024-01-27,Werder Bremen,Freiburg,3,1,1.0,1.0,H,2324
2024-01-27,Wolfsburg,FC Koln,1,1,1.0,1.0,D,2324
2024-01-27,Leverkusen,M'gladbach,0,0,0.0,0.0,D,2324
2024-01-28,Union Berlin,Darmstadt,1,0,0.0,0.0,H,2324
2024-01-28,Dortmund,Bochum,3,1,1.0,1.0,H,2324
2024-02-02,Heidenheim,Dortmund,0,0,0.0,0.0,D,2324
2024-02-03,Bayern Munich,M'gladbach,3,1,1.0,1.0,H,2324
2024-02-03,Bochum,Augsburg,1,1,1.0,0.0,D,2324
2024-02-03,Darmstadt,Leverkusen,0,2,0.0,1.0,A,2324
2024-02-03,Freiburg,Stuttgart,1,3,1.0,2.0,A,2324
2024-02-03,Mainz,Werder Bremen,0,1,0.0,1.0,A,2324
2024-02-03,FC Koln,Ein Frankfurt,2,0,0.0,0.0,H,2324
2024-02-04,Wolfsburg,Hoffenheim,2,2,0.0,1.0,D,2324
2024-02-04,RB Leipzig,Union Berlin,2,0,1.0,0.0,H,2324
2024-02-07,Mainz,Union Berlin,1,1,1.0,1.0,D,2324
2024-02-09,Dortmund,Freiburg,3,0,2.0,0.0,H,2324
2024-02-10,Augsburg,RB Leipzig,2,2,1.0,1.0,D,2324
2024-02-10,Ein Frankfurt,Bochum,1,1,1.0,1.0,D,2324
2024-02-10,M'gladbach,Darmstadt,0,0,0.0,0.0,D,2324
2024-02-10,Union Berlin,Wolfsburg,1,0,1.0,0.0,H,2324
2024-02-10,Werder Bremen,Heidenheim,1,2,1.0,2.0,A,2324
2024-02-10,Leverkusen,Bayern Munich,3,0,1.0,0.0,H,2324
2024-02-11,Stuttgart,Mainz,3,1,2.0,0.0,H,2324
2024-02-11,Hoffenheim,FC Koln,1,1,0.0,0.0,D,2324
2024-02-16,FC Koln,Werder Bremen,0,1,0.0,0.0,A,2324
2024-02-17,Darmstadt,Stuttgart,1,2,0.0,1.0,A,2324
2024-02-17,Heidenheim,Leverkusen,1,2,0.0,1.0,A,2324
2024-02-17,Hoffenheim,Union Berlin,0,1,0.0,0.0,A,2324
2024-02-17,Mainz,Augsburg,1,0,1.0,0.0,H,2324
2024-02-17,Wolfsburg,Dortmund,1,1,0.0,1.0,D,2324
2024-02-17,RB Leipzig,M'gladbach,2,0,1.0,0.0,H,2324
2024-02-18,Freiburg,Ein Frankfurt,3,3,2.0,2.0,D,2324
2024-02-18,Bochum,Bayern Munich,3,2,2.0,1.0,H,2324
2024-02-23,Leverkusen,Mainz,2,1,1.0,1.0,H,2324
2024-02-24,M'gladbach,Bochum,5,2,2.0,0.0,H,2324
2024-02-24,Stuttgart,FC Koln,1,1,0.0,0.0,D,2324
2024-02-24,Union Berlin,Heidenheim,2,2,2.0,1.0,D,2324
2024-02-24,Werder Bremen,Darmstadt,1,1,1.0,1.0,D,2324
2024-02-24,Bayern Munich,RB Leipzig,2,1,0.0,0.0,H,2324
2024-02-25,Ein Frankfurt,Wolfsburg,2,2,1.0,2.0,D,2324
2024-02-25,Dortmund,Hoffenheim,2,3,2.0,1.0,A,2324
2024-02-25,Augsburg,Freiburg,2,1,0.0,1.0,H,2324
2024-03-01,Freiburg,Bayern Munich,2,2,1.0,1.0,D,2324
2024-03-02,Bochum,RB Leipzig,1,4,1.0,1.0,A,2324
2024-03-02,Darmstadt,Augsburg,0,6,0.0,5.0,A,2324
2024-03-02,Heidenheim,Ein Frankfurt,1,2,0.0,1.0,A,2324
2024-03-02,Mainz,M'gladbach,1,1,1.0,0.0,D,2324
2024-03-02,Union Berlin,Dortmund,0,2,0.0,1.0,A,2324
2024-03-02,Wolfsburg,Stuttgart,2,3,0.0,1.0,A,2324
2024-03-03,FC Koln,Leverkusen,0,2,0.0,1.0,A,2324
2024-03-03,Hoffenheim,Werder Bremen,2,1,2.0,0.0,H,2324
2024-03-08,Stuttgart,Union Berlin,2,0,1.0,0.0,H,2324
2024-03-09,Augsburg,Heidenheim,1,0,1.0,0.0,H,2324
2024-03-09,Bayern Munich,Mainz,8,1,3.0,1.0,H,2324
2024-03-09,M'gladbach,FC Koln,3,3,1.0,1.0,D,2324
2024-03-09,RB Leipzig,Darmstadt,2,0,1.0,0.0,H,2324
2024-03-09,Werder Bremen,Dortmund,1,2,0.0,2.0,A,2324
2024-03-10,Bochum,Freiburg,1,2,0.0,1.0,A,2324
2024-03-10,Ein Frankfurt,Hoffenheim,3,1,1.0,1.0,H,2324
2024-03-10,Leverkusen,Wolfsburg,2,0,1.0,0.0,H,2324
2024-03-15,FC Koln,RB Leipzig,1,5,1.0,1.0,A,2324
2024-03-16,Darmstadt,Bayern Munich,2,5,1.0,2.0,A,2324
2024-03-16,Heidenheim,M'gladbach,1,1,0.0,1.0,D,2324
2024-03-16,Mainz,Bochum,2,0,1.0,0.0,H,2324
2024-03-16,Union Berlin,Werder Bremen,2,1,0.0,0.0,H,2324
2024-03-16,Wolfsburg,Augsburg,1,3,1.0,1.0,A,2324
2024-03-16,Hoffenheim,Stuttgart,0,3,0.0,2.0,A,2324
2024-03-17,Freiburg,Leverkusen,2,3,1.0,2.0,A,2324
2024-03-17,Dortmund,Ein Frankfurt,3,1,1.0,1.0,H,2324
2024-03-30,Ein Frankfurt,Union Berlin,0,0,0.0,0.0,D,2324
2024-03-30,Leverkusen,Hoffenheim,2,1,0.0,1.0,H,2324
2024-03-30,M'gladbach,Freiburg,0,3,0.0,1.0,A,2324
2024-03-30,RB Leipzig,Mainz,0,0,0.0,0.0,D,2324
2024-03-30,Werder Bremen,Wolfsburg,0,2,0.0,1.0,A,2324
2024-03-30,Bayern Munich,Dortmund,0,2,0.0,1.0,A,2324
2024-03-31,Augsburg,FC Koln,1,1,1.0,1.0,D,2324
2024-03-31,Stuttgart,Heidenheim,3,3,1.0,0.0,D,2324
2024-03-31,Bochum,Darmstadt,2,2,1.0,0.0,D,2324
2024-04-05,Ein Frankfurt,Werder Bremen,1,1,0.0,0.0,D,2324
2024-04-06,FC Koln,Bochum,2,1,0.0,0.0,H,2324
2024-04-06,Freiburg,RB Leipzig,1,4,0.0,3.0,A,2324
2024-04-06,Heidenheim,Bayern Munich,3,2,0.0,2.0,H,2324
2024-04-06,Mainz,Darmstadt,4,0,1.0,0.0,H,2324
2024-04-06,Union Berlin,Leverkusen,0,1,0.0,1.0,A,2324
2024-04-06,Dortmund,Stuttgart,0,1,0.0,0.0,A,2324
2024-04-07,Hoffenheim,Augsburg,3,1,2.0,0.0,H,2324
2024-04-07,Wolfsburg,M'gladbach,1,3,1.0,0.0,A,2324
2024-04-12,Augsburg,Union Berlin,2,0,0.0,0.0,H,2324
2024-04-13,Bayern Munich,FC Koln,2,0,0.0,0.0,H,2324
2024-04-13,Bochum,Heidenheim,1,1,0.0,0.0,D,2324
2024-04-13,Mainz,Hoffenheim,4,1,0.0,1.0,H,2324
2024-04-13,M'gladbach,Dortmund,1,2,1.0,2.0,A,2324
2024-04-13,RB Leipzig,Wolfsburg,3,0,1.0,0.0,H,2324
2024-04-13,Stuttgart,Ein Frankfurt,3,0,3.0,0.0,H,2324
2024-04-14,Darmstadt,Freiburg,0,1,0.0,1.0,A,2324
2024-04-14,Leverkusen,Werder Bremen,5,0,1.0,0.0,H,2324
2024-04-19,Ein Frankfurt,Augsburg,3,1,0.0,1.0,H,2324
2024-04-20,FC Koln,Darmstadt,0,2,0.0,0.0,A,2324
2024-04-20,Heidenheim,RB Leipzig,1,2,0.0,1.0,A,2324
2024-04-20,Hoffenheim,M'gladbach,4,3,1.0,1.0,H,2324
2024-04-20,Wolfsburg,Bochum,1,0,1.0,0.0,H,2324
2024-04-20,Union Berlin,Bayern Munich,1,5,0.0,2.0,A,2324
2024-04-21,Werder Bremen,Stuttgart,2,1,1.0,0.0,H,2324
2024-04-21,Dortmund,Leverkusen,1,1,0.0,0.0,D,2324
2024-04-21,Freiburg,Mainz,1,1,1.0,1.0,D,2324
2024-04-26,Bochum,Hoffenheim,3,2,2.0,0.0,H,2324
2024-04-27,Augsburg,Werder Bremen,0,3,0.0,0.0,A,2324
2024-04-27,Bayern Munich,Ein Frankfurt,2,1,1.0,1.0,H,2324
2024-04-27,Freiburg,Wolfsburg,1,2,1.0,0.0,A,2324
2024-04-27,RB Leipzig,Dortmund,4,1,2.0,1.0,H,2324
2024-04-27,Leverkusen,Stuttgart,2,2,0.0,0.0,D,2324
2024-04-28,M'gladbach,Union Berlin,0,0,0.0,0.0,D,2324
2024-04-28,Mainz,FC Koln,1,1,1.0,0.0,D,2324
2024-04-28,Darmstadt,Heidenheim,0,1,0.0,0.0,A,2324
2024-05-03,Hoffenheim,RB Leipzig,1,1,0.0,1.0,D,2324
2024-05-04,Dortmund,Augsburg,5,1,4.0,1.0,H,2324
2024-05-04,Stuttgart,Bayern Munich,3,1,1.0,1.0,H,2324
2024-05-04,Werder Bremen,M'gladbach,2,2,1.0,1.0,D,2324
2024-05-04,Wolfsburg,Darmstadt,3,0,2.0,0.0,H,2324
2024-05-04,FC Koln,Freiburg,0,0,0.0,0.0,D,2324
2024-05-05,Union Berlin,Bochum,3,4,0.0,3.0,A,2324
2024-05-05,Ein Frankfurt,Leverkusen,1,5,1.0,2.0,A,2324
2024-05-05,Heidenheim,Mainz,1,1,0.0,1.0,D,2324
2024-05-10,Augsburg,Stuttgart,0,1,0.0,0.0,A,2324
2024-05-11,FC Koln,Union Berlin,3,2,1.0,2.0,H,2324
2024-05-11,Freiburg,Heidenheim,1,1,1.0,1.0,D,2324
2024-05-11,M'gladbach,Ein Frankfurt,1,1,1.0,1.0,D,2324
2024-05-11,RB Leipzig,Werder Bremen,1,1,0.0,1.0,D,2324
2024-05-11,Mainz,Dortmund,3,0,3.0,0.0,H,2324
2024-05-12,Darmstadt,Hoffenheim,0,6,0.0,5.0,A,2324
2024-05-12,Bayern Munich,Wolfsburg,2,0,2.0,0.0,H,2324
2024-05-12,Bochum,Leverkusen,0,5,0.0,2.0,A,2324
2024-05-18,Dortmund,Darmstadt,4,0,2.0,0.0,H,2324
2024-05-18,Ein Frankfurt,RB Leipzig,2,2,0.0,1.0,D,2324
2024-05-18,Heidenheim,FC Koln,4,1,3.0,0.0,H,2324
2024-05-18,Hoffenheim,Bayern Munich,4,2,1.0,2.0,H,2324
2024-05-18,Leverkusen,Augsburg,2,1,2.0,0.0,H,2324
2024-05-18,Stuttgart,M'gladbach,4,0,2.0,0.0,H,2324
2024-05-18,Union Berlin,Freiburg,2,1,0.0,0.0,H,2324
2024-05-18,Werder Bremen,Bochum,4,1,1.0,0.0,H,2324
2024-05-18,Wolfsburg,Mainz,1,3,1.0,1.0,A,2324
2024-08-23,M'gladbach,Leverkusen,2,3,0.0,2.0,A,2425
2024-08-24,Augsburg,Werder Bremen,2,2,2.0,1.0,D,2425
2024-08-24,Freiburg,Stuttgart,3,1,1.0,1.0,H,2425
2024-08-24,Hoffenheim,Holstein Kiel,3,2,2.0,0.0,H,2425
2024-08-24,Mainz,Union Berlin,1,1,0.0,0.0,D,2425
2024-08-24,RB Leipzig,Bochum,1,0,0.0,0.0,H,2425
2024-08-24,Dortmund,Ein Frankfurt,2,0,0.0,0.0,H,2425
2024-08-25,Wolfsburg,Bayern Munich,2,3,0.0,1.0,A,2425
2024-08-25,St Pauli,Heidenheim,0,2,0.0,0.0,A,2425
2024-08-30,Union Berlin,St Pauli,1,0,1.0,0.0,H,2425
2024-08-31,Bochum,M'gladbach,0,2,0.0,0.0,A,2425
2024-08-31,Ein Frankfurt,Hoffenheim,3,1,2.0,0.0,H,2425
2024-08-31,Holstein Kiel,Wolfsburg,0,2,0.0,2.0,A,2425
2024-08-31,Stuttgart,Mainz,3,3,2.0,1.0,D,2425
2024-08-31,Werder Bremen,Dortmund,0,0,0.0,0.0,D,2425
2024-08-31,Leverkusen,RB Leipzig,2,3,2.0,1.0,A,2425
2024-09-01,Heidenheim,Augsburg,4,0,2.0,0.0,H,2425
2024-09-01,Bayern Munich,Freiburg,2,0,1.0,0.0,H,2425
2024-09-13,Dortmund,Heidenheim,4,2,3.0,1.0,H,2425
2024-09-14,Freiburg,Bochum,2,1,0.0,1.0,H,2425
2024-09-14,Hoffenheim,Leverkusen,1,4,1.0,2.0,A,2425
2024-09-14,M'gladbach,Stuttgart,1,3,1.0,1.0,A,2425
2024-09-14,RB Leipzig,Union Berlin,0,0,0.0,0.0,D,2425
2024-09-14,Wolfsburg,Ein Frankfurt,1,2,0.0,1.0,A,2425
2024-09-14,Holstein Kiel,Bayern Munich,1,6,0.0,4.0,A,2425
2024-09-15,Augsburg,St Pauli,3,1,0.0,0.0,H,2425
2024-09-15,Mainz,Werder Bremen,1,2,1.0,1.0,A,2425
2024-09-20,Augsburg,Mainz,2,3,1.0,2.0,A,2425
2024-09-21,Bochum,Holstein Kiel,2,2,2.0,1.0,D,2425
2024-09-21,Heidenheim,Freiburg,0,3,0.0,0.0,A,2425
2024-09-21,Union Berlin,Hoffenheim,2,1,2.0,0.0,H,2425
2024-09-21,Werder Bremen,Bayern Munich,0,5,0.0,2.0,A,2425
2024-09-21,Ein Frankfurt,M'gladbach,2,0,1.0,0.0,H,2425
2024-09-22,Leverkusen,Wolfsburg,4,3,2.0,3.0,H,2425
2024-09-22,Stuttgart,Dortmund,5,1,2.0,0.0,H,2425
2024-09-22,St Pauli,RB Leipzig,0,0,0.0,0.0,D,2425
2024-09-27,Dortmund,Bochum,4,2,1.0,2.0,H,2425
2024-09-28,Freiburg,St Pauli,0,3,0.0,2.0,A,2425
2024-09-28,Mainz,Heidenheim,0,2,0.0,1.0,A,2425
2024-09-28,M'gladbach,Union Berlin,1,0,0.0,0.0,H,2425
2024-09-28,RB Leipzig,Augsburg,4,0,2.0,0.0,H,2425
2024-09-28,Wolfsburg,Stuttgart,2,2,1.0,1.0,D,2425
2024-09-28,Bayern Munich,Leverkusen,1,1,1.0,1.0,D,2425
2024-09-29,Holstein Kiel,Ein Frankfurt,2,4,1.0,1.0,A,2425
2024-09-29,Hoffenheim,Werder Bremen,3,4,3.0,3.0,A,2425
2024-10-04,Augsburg,M'gladbach,2,1,1.0,0.0,H,2425
2024-10-05,Bochum,Wolfsburg,1,3,0.0,2.0,A,2425
2024-10-05,Leverkusen,Holstein Kiel,2,2,2.0,1.0,D,2425
2024-10-05,Union Berlin,Dortmund,2,1,2.0,0.0,H,2425
2024-10-05,Werder Bremen,Freiburg,0,1,0.0,0.0,A,2425
2024-10-05,St Pauli,Mainz,0,3,0.0,2.0,A,2425
2024-10-06,Heidenheim,RB Leipzig,0,1,0.0,0.0,A,2425
2024-10-06,Ein Frankfurt,Bayern Munich,3,3,2.0,2.0,D,2425
2024-10-06,Stuttgart,Hoffenheim,1,1,0.0,1.0,D,2425
2024-10-18,Dortmund,St Pauli,2,1,1.0,0.0,H,2425
2024-10-19,Freiburg,Augsburg,3,1,3.0,0.0,H,2425
2024-10-19,Hoffenheim,Bochum,3,1,1.0,0.0,H,2425
2024-10-19,Leverkusen,Ein Frankfurt,2,1,1.0,1.0,H,2425
2024-10-19,Mainz,RB Leipzig,0,2,0.0,2.0,A,2425
2024-10-19,M'gladbach,Heidenheim,3,2,1.0,1.0,H,2425
2024-10-19,Bayern Munich,Stuttgart,4,0,0.0,0.0,H,2425
2024-10-20,Holstein Kiel,Union Berlin,0,2,0.0,1.0,A,2425
2024-10-20,Wolfsburg,Werder Bremen,2,4,1.0,1.0,A,2425
2024-10-25,Mainz,M'gladbach,1,1,0.0,0.0,D,2425
2024-10-26,Augsburg,Dortmund,2,1,1.0,1.0,H,2425
2024-10-26,RB Leipzig,Freiburg,3,1,0.0,1.0,H,2425
2024-10-26,St Pauli,Wolfsburg,0,0,0.0,0.0,D,2425
2024-10-26,Stuttgart,Holstein Kiel,2,1,1.0,0.0,H,2425
2024-10-26,Werder Bremen,Leverkusen,2,2,0.0,1.0,D,2425
2024-10-27,Bochum,Bayern Munich,0,5,0.0,2.0,A,2425
2024-10-27,Union Berlin,Ein Frankfurt,1,1,0.0,1.0,D,2425
2024-10-27,Heidenheim,Hoffenheim,0,0,0.0,0.0,D,2425
2024-11-01,Leverkusen,Stuttgart,0,0,0.0,0.0,D,2425
2024-11-02,Bayern Munich,Union Berlin,3,0,2.0,0.0,H,2425
2024-11-02,Ein Frankfurt,Bochum,7,2,4.0,1.0,H,2425
2024-11-02,Hoffenheim,St Pauli,0,2,0.0,1.0,A,2425
2024-11-02,Holstein Kiel,Heidenheim,1,0,1.0,0.0,H,2425
2024-11-02,Wolfsburg,Augsburg,1,1,0.0,1.0,D,2425
2024-11-02,Dortmund,RB Leipzig,2,1,1.0,1.0,H,2425
2024-11-03,Freiburg,Mainz,0,0,0.0,0.0,D,2425
2024-11-03,M'gladbach,Werder Bremen,4,1,3.0,0.0,H,2425
2024-11-08,Union Berlin,Freiburg,0,0,0.0,0.0,D,2425
2024-11-09,Bochum,Leverkusen,1,1,0.0,1.0,D,2425
2024-11-09,Mainz,Dortmund,3,1,2.0,1.0,H,2425
2024-11-09,St Pauli,Bayern Munich,0,1,0.0,1.0,A,2425
2024-11-09,Werder Bremen,Holstein Kiel,2,1,1.0,0.0,H,2425
2024-11-09,RB Leipzig,M'gladbach,0,0,0.0,0.0,D,2425
2024-11-10,Augsburg,Hoffenheim,0,0,0.0,0.0,D,2425
2024-11-10,Stuttgart,Ein Frankfurt,2,3,0.0,1.0,A,2425
2024-11-10,Heidenheim,Wolfsburg,1,3,0.0,2.0,A,2425
2024-11-22,Bayern Munich,Augsburg,3,0,0.0,0.0,H,2425
2024-11-23,Dortmund,Freiburg,4,0,2.0,0.0,H,2425
2024-11-23,Hoffenheim,RB Leipzig,4,3,1.0,2.0,H,2425
2024-11-23,Leverkusen,Heidenheim,5,2,2.0,2.0,H,2425
2024-11-23,Stuttgart,Bochum,2,0,0.0,0.0,H,2425
2024-11-23,Wolfsburg,Union Berlin,1,0,0.0,0.0,H,2425
2024-11-23,Ein Frankfurt,Werder Bremen,1,0,1.0,0.0,H,2425
2024-11-24,Holstein Kiel,Mainz,0,3,0.0,2.0,A,2425
2024-11-24,M'gladbach,St Pauli,2,0,2.0,0.0,H,2425
2024-11-29,St Pauli,Holstein Kiel,3,1,1.0,0.0,H,2425
2024-11-30,Augsburg,Bochum,1,0,1.0,0.0,H,2425
2024-11-30,Freiburg,M'gladbach,3,1,1.0,0.0,H,2425
2024-11-30,RB Leipzig,Wolfsburg,1,5,0.0,3.0,A,2425
2024-11-30,Union Berlin,Leverkusen,1,2,1.0,1.0,A,2425
2024-11-30,Werder Bremen,Stuttgart,2,2,1.0,1.0,D,2425
2024-11-30,Dortmund,Bayern Munich,1,1,1.0,0.0,D,2425
2024-12-01,Mainz,Hoffenheim,2,0,2.0,0.0,H,2425
2024-12-01,Heidenheim,Ein Frankfurt,0,4,0.0,1.0,A,2425
2024-12-06,Stuttgart,Union Berlin,3,2,0.0,1.0,H,2425
2024-12-07,Bayern Munich,Heidenheim,4,2,1.0,0.0,H,2425
2024-12-07,Bochum,Werder Bremen,0,1,0.0,0.0,A,2425
2024-12-07,Ein Frankfurt,Augsburg,2,2,0.0,0.0,D,2425
2024-12-07,Holstein Kiel,RB Leipzig,0,2,0.0,1.0,A,2425
2024-12-07,Leverkusen,St Pauli,2,1,2.0,0.0,H,2425
2024-12-07,M'gladbach,Dortmund,1,1,0.0,0.0,D,2425
2024-12-08,Wolfsburg,Mainz,4,3,1.0,2.0,H,2425
2024-12-08,Hoffenheim,Freiburg,1,1,0.0,0.0,D,2425
2024-12-13,Freiburg,Wolfsburg,3,2,1.0,0.0,H,2425
2024-12-14,Augsburg,Leverkusen,0,2,0.0,2.0,A,2425
2024-12-14,Mainz,Bayern Munich,2,1,1.0,0.0,H,2425
2024-12-14,M'gladbach,Holstein Kiel,4,1,3.0,1.0,H,2425
2024-12-14,Union Berlin,Bochum,0,2,,,A,2425
2024-12-14,St Pauli,Werder Bremen,0,2,0.0,1.0,A,2425
2024-12-15,Heidenheim,Stuttgart,1,3,1.0,2.0,A,2425
2024-12-15,Dortmund,Hoffenheim,1,1,0.0,0.0,D,2425
2024-12-15,RB Leipzig,Ein Frankfurt,2,1,1.0,1.0,H,2425
2024-12-20,Bayern Munich,RB Leipzig,5,1,3.0,1.0,H,2425
2024-12-21,Ein Frankfurt,Mainz,1,3,0.0,2.0,A,2425
2024-12-21,Hoffenheim,M'gladbach,1,2,0.0,1.0,A,2425
2024-12-21,Holstein Kiel,Augsburg,5,1,4.0,1.0,H,2425
2024-12-21,Stuttgart,St Pauli,0,1,0.0,1.0,A,2425
2024-12-21,Werder Bremen,Union Berlin,4,1,3.0,1.0,H,2425
2024-12-21,Leverkusen,Freiburg,5,1,1.0,0.0,H,2425
2024-12-22,Bochum,Heidenheim,2,0,2.0,0.0,H,2425
2024-12-22,Wolfsburg,Dortmund,1,3,0.0,3.0,A,2425
2025-01-10,Dortmund,Leverkusen,2,3,1.0,3.0,A,2425
2025-01-11,Freiburg,Holstein Kiel,3,2,2.0,0.0,H,2425
2025-01-11,Heidenheim,Union Berlin,2,0,1.0,0.0,H,2425
2025-01-11,Hoffenheim,Wolfsburg,0,1,0.0,1.0,A,2425
2025-01-11,Mainz,Bochum,2,0,1.0,0.0,H,2425
2025-01-11,St Pauli,Ein Frankfurt,0,1,0.0,1.0,A,2425
2025-01-11,M'gladbach,Bayern Munich,0,1,0.0,0.0,A,2425
2025-01-12,RB Leipzig,Werder Bremen,4,2,2.0,1.0,H,2425
2025-01-12,Augsburg,Stuttgart,0,1,0.0,0.0,A,2425
2025-01-14,Holstein Kiel,Dortmund,4,2,3.0,0.0,H,2425
2025-01-14,Ein Frankfurt,Freiburg,4,1,1.0,1.0,H,2425
2025-01-14,Leverkusen,Mainz,1,0,0.0,0.0,H,2425
2025-01-14,Wolfsburg,M'gladbach,5,1,1.0,0.0,H,2425
2025-01-15,Bochum,St Pauli,1,0,0.0,0.0,H,2425
2025-01-15,Bayern Munich,Hoffenheim,5,0,3.0,0.0,H,2425
2025-01-15,Stuttgart,RB Leipzig,2,1,0.0,1.0,H,2425
2025-01-15,Union Berlin,Augsburg,0,2,0.0,2.0,A,2425
2025-01-15,Werder Bremen,Heidenheim,3,3,1.0,1.0,D,2425
2025-01-17,Ein Frankfurt,Dortmund,2,0,1.0,0.0,H,2425
2025-01-18,Bayern Munich,Wolfsburg,3,2,2.0,1.0,H,2425
2025-01-18,Bochum,RB Leipzig,3,3,0.0,3.0,D,2425
2025-01-18,Heidenheim,St Pauli,0,2,0.0,1.0,A,2425
2025-01-18,Holstein Kiel,Hoffenheim,1,3,0.0,2.0,A,2425
2025-01-18,Stuttgart,Freiburg,4,0,3.0,0.0,H,2425
2025-01-18,Leverkusen,M'gladbach,3,1,1.0,0.0,H,2425
2025-01-19,Union Berlin,Mainz,2,1,2.0,1.0,H,2425
2025-01-19,Werder Bremen,Augsburg,0,2,0.0,2.0,A,2425
2025-01-24,Wolfsburg,Holstein Kiel,2,2,0.0,1.0,D,2425
2025-01-25,Augsburg,Heidenheim,2,1,1.0,0.0,H,2425
2025-01-25,Dortmund,Werder Bremen,2,2,1.0,0.0,D,2425
2025-01-25,Freiburg,Bayern Munich,1,2,0.0,1.0,A,2425
2025-01-25,Mainz,Stuttgart,2,0,1.0,0.0,H,2425
2025-01-25,RB Leipzig,Leverkusen,2,2,1.0,2.0,D,2425
2025-01-25,M'gladbach,Bochum,3,0,1.0,0.0,H,2425
2025-01-26,Hoffenheim,Ein Frankfurt,2,2,0.0,1.0,D,2425
2025-01-26,St Pauli,Union Berlin,3,0,1.0,0.0,H,2425
2025-01-31,Werder Bremen,Mainz,1,0,1.0,0.0,H,2425
2025-02-01,Bayern Munich,Holstein Kiel,4,3,2.0,0.0,H,2425
2025-02-01,Bochum,Freiburg,0,1,0.0,1.0,A,2425
2025-02-01,Heidenheim,Dortmund,1,2,0.0,1.0,A,2425
2025-02-01,St Pauli,Augsburg,1,1,1.0,0.0,D,2425
2025-02-01,Stuttgart,M'gladbach,1,2,0.0,1.0,A,2425
2025-02-01,Union Berlin,RB Leipzig,0,0,0.0,0.0,D,2425
2025-02-02,Ein Frankfurt,Wolfsburg,1,1,0.0,0.0,D,2425
2025-02-02,Leverkusen,Hoffenheim,3,1,2.0,0.0,H,2425
2025-02-07,Bayern Munich,Werder Bremen,3,0,0.0,0.0,H,2425
2025-02-08,Dortmund,Stuttgart,1,2,0.0,0.0,A,2425
2025-02-08,Freiburg,Heidenheim,1,0,1.0,0.0,H,2425
2025-02-08,Hoffenheim,Union Berlin,0,4,0.0,1.0,A,2425
2025-02-08,Mainz,Augsburg,0,0,0.0,0.0,D,2425
2025-02-08,Wolfsburg,Leverkusen,0,0,0.0,0.0,D,2425
2025-02-08,M'gladbach,Ein Frankfurt,1,1,1.0,1.0,D,2425
2025-02-09,Holstein Kiel,Bochum,2,2,1.0,2.0,D,2425
2025-02-09,RB Leipzig,St Pauli,2,0,2.0,0.0,H,2425
2025-02-14,Augsburg,RB Leipzig,0,0,0.0,0.0,D,2425
2025-02-15,Bochum,Dortmund,2,0,2.0,0.0,H,2425
2025-02-15,St Pauli,Freiburg,0,1,0.0,0.0,A,2425
2025-02-15,Stuttgart,Wolfsburg,1,2,0.0,0.0,A,2425
2025-02-15,Union Berlin,M'gladbach,1,2,0.0,2.0,A,2425
2025-02-15,Leverkusen,Bayern Munich,0,0,0.0,0.0,D,2425
2025-02-16,Werder Bremen,Hoffenheim,1,3,1.0,2.0,A,2425
2025-02-16,Ein Frankfurt,Holstein Kiel,3,1,2.0,0.0,H,2425
2025-02-16,Heidenheim,Mainz,0,2,0.0,1.0,A,2425
2025-02-21,Freiburg,Werder Bremen,5,0,2.0,0.0,H,2425
2025-02-22,Holstein Kiel,Leverkusen,0,2,0.0,2.0,A,2425
2025-02-22,Mainz,St Pauli,2,0,0.0,0.0,H,2425
2025-02-22,M'gladbach,Augsburg,0,3,0.0,0.0,A,2425
2025-02-22,Wolfsburg,Bochum,1,1,0.0,0.0,D,2425
2025-02-22,Dortmund,Union Berlin,6,0,2.0,0.0,H,2425
2025-02-23,RB Leipzig,Heidenheim,2,2,1.0,2.0,D,2425
2025-02-23,Bayern Munich,Ein Frankfurt,4,0,1.0,0.0,H,2425
2025-02-23,Hoffenheim,Stuttgart,1,1,0.0,1.0,D,2425
2025-02-28,Stuttgart,Bayern Munich,1,3,1.0,1.0,A,2425
2025-03-01,Bochum,Hoffenheim,0,1,0.0,0.0,A,2425
2025-03-01,Heidenheim,M'gladbach,0,3,0.0,2.0,A,2425
2025-03-01,RB Leipzig,Mainz,1,2,1.0,0.0,A,2425
2025-03-01,St Pauli,Dortmund,0,2,0.0,0.0,A,2425
2025-03-01,Werder Bremen,Wolfsburg,1,2,0.0,1.0,A,2425
2025-03-01,Ein Frankfurt,Leverkusen,1,4,1.0,3.0,A,2425
2025-03-02,Union Berlin,Holstein Kiel,0,1,0.0,1.0,A,2425
2025-03-02,Augsburg,Freiburg,0,0,0.0,0.0,D,2425
2025-03-07,M'gladbach,Mainz,1,3,0.0,1.0,A,2425
2025-03-08,Bayern Munich,Bochum,2,3,2.0,1.0,A,2425
2025-03-08,Dortmund,Augsburg,0,1,0.0,1.0,A,2425
2025-03-08,Holstein Kiel,Stuttgart,2,2,1.0,1.0,D,2425
2025-03-08,Leverkusen,Werder Bremen,0,2,0.0,1.0,A,2425
2025-03-08,Wolfsburg,St Pauli,1,1,0.0,1.0,D,2425
2025-03-08,Freiburg,RB Leipzig,0,0,0.0,0.0,D,2425
2025-03-09,Ein Frankfurt,Union Berlin,1,2,1.0,0.0,A,2425
2025-03-09,Hoffenheim,Heidenheim,1,1,1.0,0.0,D,2425
2025-03-14,St Pauli,Hoffenheim,1,0,0.0,0.0,H,2425
2025-03-15,Augsburg,Wolfsburg,1,0,0.0,0.0,H,2425
2025-03-15,Mainz,Freiburg,2,2,1.0,0.0,D,2425
2025-03-15,Union Berlin,Bayern Munich,1,1,0.0,0.0,D,2425
2025-03-15,Werder Bremen,M'gladbach,2,4,2.0,2.0,A,2425
2025-03-15,RB Leipzig,Dortmund,2,0,1.0,0.0,H,2425
2025-03-16,Bochum,Ein Frankfurt,1,3,0.0,2.0,A,2425
2025-03-16,Heidenheim,Holstein Kiel,3,1,1.0,0.0,H,2425
2025-03-16,Stuttgart,Leverkusen,3,4,1.0,0.0,A,2425
2025-03-28,Leverkusen,Bochum,3,1,1.0,1.0,H,2425
2025-03-29,Bayern Munich,St Pauli,3,2,1.0,1.0,H,2425
2025-03-29,Hoffenheim,Augsburg,1,1,0.0,0.0,D,2425
2025-03-29,Holstein Kiel,Werder Bremen,0,3,0.0,1.0,A,2425
2025-03-29,M'gladbach,RB Leipzig,1,0,0.0,0.0,H,2425
2025-03-29,Wolfsburg,Heidenheim,0,1,0.0,1.0,A,2425
2025-03-29,Ein Frankfurt,Stuttgart,1,0,0.0,0.0,H,2425
2025-03-30,Freiburg,Union Berlin,1,2,1.0,1.0,A,2425
2025-03-30,Dortmund,Mainz,3,1,2.0,0.0,H,2425
2025-04-04,Augsburg,Bayern Munich,1,3,1.0,1.0,A,2425
2025-04-05,Bochum,Stuttgart,0,4,0.0,2.0,A,2425
2025-04-05,Freiburg,Dortmund,1,4,0.0,1.0,A,2425
2025-04-05,Heidenheim,Leverkusen,0,1,0.0,0.0,A,2425
2025-04-05,Mainz,Holstein Kiel,1,1,0.0,1.0,D,2425
2025-04-05,RB Leipzig,Hoffenheim,3,1,2.0,1.0,H,2425
2025-04-05,Werder Bremen,Ein Frankfurt,2,0,1.0,0.0,H,2425
2025-04-06,St Pauli,M'gladbach,1,1,0.0,1.0,D,2425
2025-04-06,Union Berlin,Wolfsburg,1,0,0.0,0.0,H,2425
2025-04-11,Wolfsburg,RB Leipzig,2,3,0.0,2.0,A,2425
2025-04-12,Bochum,Augsburg,1,2,0.0,1.0,A,2425
2025-04-12,Hoffenheim,Mainz,2,0,2.0,0.0,H,2425
2025-04-12,Holstein Kiel,St Pauli,1,2,1.0,1.0,A,2425
2025-04-12,Leverkusen,Union Berlin,0,0,0.0,0.0,D,2425
2025-04-12,M'gladbach,Freiburg,1,2,1.0,1.0,A,2425
2025-04-12,Bayern Munich,Dortmund,2,2,0.0,0.0,D,2425
2025-04-13,Stuttgart,Werder Bremen,1,2,1.0,1.0,A,2425
2025-04-13,Ein Frankfurt,Heidenheim,3,0,2.0,0.0,H,2425
2025-04-19,Freiburg,Hoffenheim,3,2,2.0,2.0,H,2425
2025-04-19,Heidenheim,Bayern Munich,0,4,0.0,3.0,A,2425
2025-04-19,Mainz,Wolfsburg,2,2,2.0,1.0,D,2425
2025-04-19,RB Leipzig,Holstein Kiel,1,1,0.0,1.0,D,2425
2025-04-19,Werder Bremen,Bochum,1,0,0.0,0.0,H,2425
2025-04-19,Union Berlin,Stuttgart,4,4,4.0,4.0,D,2425
2025-04-20,Augsburg,Ein Frankfurt,0,0,0.0,0.0,D,2425
2025-04-20,Dortmund,M'gladbach,3,2,3.0,1.0,H,2425
2025-04-20,St Pauli,Leverkusen,1,1,0.0,1.0,D,2425
2025-04-25,Stuttgart,Heidenheim,0,1,0.0,0.0,A,2425
2025-04-26,Bayern Munich,Mainz,3,0,2.0,0.0,H,2425
2025-04-26,Hoffenheim,Dortmund,2,3,0.0,1.0,A,2425
2025-04-26,Holstein Kiel,M'gladbach,4,3,2.0,0.0,H,2425
2025-04-26,Leverkusen,Augsburg,2,0,2.0,0.0,H,2425
2025-04-26,Wolfsburg,Freiburg,0,1,0.0,0.0,A,2425
2025-04-26,Ein Frankfurt,RB Leipzig,4,0,1.0,0.0,H,2425
2025-04-27,Bochum,Union Berlin,1,1,0.0,1.0,D,2425
2025-04-27,Werder Bremen,St Pauli,0,0,0.0,0.0,D,2425
2025-05-02,Heidenheim,Bochum,0,0,0.0,0.0,D,2425
2025-05-03,M'gladbach,Hoffenheim,4,4,2.0,1.0,D,2425
2025-05-03,RB Leipzig,Bayern Munich,3,3,2.0,0.0,D,2425
2025-05-03,St Pauli,Stuttgart,0,1,0.0,0.0,A,2425
2025-05-03,Union Berlin,Werder Bremen,2,2,1.0,2.0,D,2425
2025-05-03,Dortmund,Wolfsburg,4,0,1.0,0.0,H,2425
2025-05-04,Augsburg,Holstein Kiel,1,3,0.0,2.0,A,2425
2025-05-04,Freiburg,Leverkusen,2,2,1.0,0.0,D,2425
2025-05-04,Mainz,Ein Frankfurt,1,1,0.0,1.0,D,2425
2025-05-09,Wolfsburg,Hoffenheim,2,2,1.0,1.0,D,2425
2025-05-10,Bochum,Mainz,1,4,0.0,1.0,A,2425
2025-05-10,Holstein Kiel,Freiburg,1,2,1.0,1.0,A,2425
2025-05-10,Union Berlin,Heidenheim,0,3,0.0,1.0,A,2425
2025-05-10,Werder Bremen,RB Leipzig,0,0,0.0,0.0,D,2425
2025-05-10,Bayern Munich,M'gladbach,2,0,1.0,0.0,H,2425
2025-05-11,Leverkusen,Dortmund,2,4,1.0,2.0,A,2425
2025-05-11,Ein Frankfurt,St Pauli,2,2,1.0,2.0,D,2425
2025-05-11,Stuttgart,Augsburg,4,0,1.0,0.0,H,2425
2025-05-17,Augsburg,Union Berlin,1,2,1.0,0.0,A,2425
2025-05-17,Dortmund,Holstein Kiel,3,0,1.0,0.0,H,2425
2025-05-17,Freiburg,Ein Frankfurt,1,3,1.0,1.0,A,2425
2025-05-17,Heidenheim,Werder Bremen,1,4,0.0,2.0,A,2425
2025-05-17,Hoffenheim,Bayern Munich,0,4,0.0,1.0,A,2425
2025-05-17,Mainz,Leverkusen,2,2,1.0,0.0,D,2425
2025-05-17,M'gladbach,Wolfsburg,0,1,0.0,0.0,A,2425
2025-05-17,RB Leipzig,Stuttgart,2,3,2.0,1.0,A,2425
2025-05-17,St Pauli,Bochum,0,2,0.0,1.0,A,2425
